cohort,agent,t_offset_s
active,6,20.92
active,1,120.796
active,5,131.035
active,1,240.508
active,5,250.941
active,1,300.536
active,3,303.59
active,5,310.874
active,3,420.725
active,0,421.153
active,3,480.635
active,0,481.003
active,0,540.696
active,3,721.047
active,5,730.735
active,1,840.613
active,5,850.59
active,2,851.121
active,1,904.051
active,9,910.845
active,7,917.02
active,1,1020.525
active,0,1020.905
active,2,1030.94
active,4,1090.92
active,1,1201.085
active,8,1207.929
active,3,1261.141
active,1,1320.908
active,2,1331.319
active,3,1381.104
active,1,1441.066
active,5,1511.04
active,4,1570.579
active,5,1631.261
active,0,1680.594
active,4,1751.261
active,1,1803.81
active,5,1811.68
active,5,1870.697
active,0,1920.693
active,5,1930.583
active,2,1930.944
active,2,1991.234
active,3,2041.027
active,6,2105.429
active,9,2108.347
active,7,2115.013
active,4,2118.069
active,3,2220.752
active,1,2220.801
active,1,2280.666
active,3,2281.002
active,3,2405.279
active,6,2405.632
active,9,2408.879
active,3,2521.016
active,4,2530.53
active,0,2580.692
active,1,2641.034
active,3,2641.038
active,6,2707.39
active,8,2708.841
active,7,2716.799
active,3,2761.166
active,1,2820.714
active,3,2880.64
active,5,2890.659
active,4,2951.063
active,0,3000.649
active,1,3001.264
active,5,3190.689
active,2,3191.222
active,3,3241.063
active,3,3304.469
active,9,3308.742
active,7,3315.053
active,5,3370.91
active,0,3421.258
active,5,3430.942
active,0,3541.092
active,0,3600.594
active,2,3670.559
active,1,3721.128
active,1,3841.071
active,3,3841.122
active,6,3905.881
active,9,3908.707
active,2,3914.142
active,1,3960.987
active,3,3961.099
active,1,4020.947
active,5,4030.705
active,3,4080.64
active,0,4080.904
active,8,4207.977
active,9,4211.675
active,3,4260.969
active,3,4320.664
active,2,4331.37
active,0,4500.826
active,1,4504.056
active,3,4561.046
active,0,4620.805
active,0,4680.835
active,2,4690.791
active,2,4751.343
active,9,4808.858
active,4,4818.209
active,1,4861.001
active,3,4920.77
active,9,5108.929
active,5,5110.692
active,2,5114.873
active,4,5170.901
active,1,5280.761
active,2,5290.969
active,3,5340.59
active,0,5401.001
active,1,5404.281
active,3,5405.033
active,6,5407.818
active,5,5411.262
active,9,5411.374
active,4,5418.946
active,4,5530.996
active,0,5581.004
active,5,5590.942
active,1,5641.04
active,9,5710.457
active,5,5711.013
active,0,5760.825
active,1,5820.94
active,3,5820.981
active,5,5831.323
active,0,5940.769
active,1,5940.963
active,1,6000.603
active,3,6003.85
active,8,6006.618
active,2,6014.406
active,4,6130.621
active,2,6191.397
active,0,6300.731
active,3,6305.406
active,7,6316.683
active,4,6321.929
active,0,6360.939
active,2,6370.963
active,3,6421.078
active,5,6431.127
active,4,6490.579
active,0,6540.995
active,6,6605.457
active,9,6611.814
active,5,6611.816
active,2,6614.863
active,4,6619.49
active,1,6720.603
active,5,6730.613
active,1,6780.553
active,4,6790.563
active,5,6790.783
active,1,6840.93
active,0,6841.121
active,3,6904.266
active,6,6908.89
active,5,6911.173
active,1,6960.954
active,4,7031.017
active,2,7031.31
active,1,7081.061
active,2,7222.73
active,5,7270.903
active,2,7271.179
active,2,7331.246
active,3,7380.584
active,1,7381.323
active,4,7391.383
active,2,7451.147
active,8,7507.012
active,0,7560.681
active,4,7630.997
active,0,7680.637
active,4,7691.347
active,0,7740.778
active,1,7740.846
active,0,7860.621
active,1,7980.639
active,3,7981.007
active,0,8041.046
active,5,8171.106
active,3,8221.171
active,4,8231.322
active,9,8408.48
active,4,8418.078
active,3,8460.62
active,2,8471.275
active,3,8580.925
active,0,8580.932
active,5,8590.64
active,4,8591.265
active,5,8650.935
active,3,8820.52
active,4,8830.563
active,0,9001.434
active,6,9008.571
active,8,9008.975
active,9,9012.252
active,7,9017.948
active,0,9060.842
active,5,9070.805
active,2,9071.06
active,1,9120.691
active,0,9120.877
active,3,9240.879
active,3,9304.56
active,1,9360.894
active,4,9370.9
active,0,9421.014
active,5,9430.894
active,2,9431.229
active,1,9540.946
active,0,9541.077
active,4,9618.511
active,1,9660.938
active,3,9661.129
active,6,9907.649
active,5,9970.593
active,3,10021.095
active,3,10080.693
active,1,10140.76
active,4,10151.126
active,0,10200.981
active,1,10201.352
active,2,10214.625
active,7,10215.149
active,2,10270.704
active,1,10320.871
active,0,10320.874
active,2,10450.86
active,1,10501.12
active,7,10514.892
active,4,10630.631
active,0,10740.662
active,0,10801.438
active,1,10809.439
active,5,10816.289
active,4,10830.18
active,4,10871.061
active,2,10990.568
active,4,10991.138
active,0,11040.884
active,2,11050.58
active,4,11119.363
active,5,11230.78
active,4,11231.319
active,3,11280.898
active,2,11291.381
active,1,11401.278
active,0,11461.02
active,5,11591.416
active,2,11651.19
active,1,11761.004
active,4,11830.603
active,2,11831.05
active,5,11831.162
active,0,11941.172
active,2,11951.341
active,3,12120.787
active,5,12130.696
active,1,12300.614
active,2,12314.566
active,4,12371.363
active,4,12490.729
active,0,12540.787
active,0,12600.765
active,9,12612.104
active,4,12620.639
active,3,12660.621
active,4,12671.07
active,2,12671.072
active,5,12791.018
active,4,12791.166
active,9,12908.089
active,1,12960.759
active,0,12960.842
active,0,13020.875
active,4,13031.154
active,0,13080.5
active,1,13080.899
active,1,13141.006
active,8,13208.261
active,5,13211.581
active,5,13271.292
active,4,13331.348
active,1,13380.623
active,6,13509.928
active,1,13620.701
active,4,13630.88
active,0,13680.937
active,4,13871.306
active,5,13931.32
active,3,13980.762
active,2,13990.649
active,3,14041.029
active,5,14050.719
active,1,14160.54
active,2,14170.537
active,4,14351.152
active,3,14412.383
active,5,14415.036
active,8,14418.021
active,5,14470.84
active,2,14651.48
active,1,14760.587
active,0,14760.927
active,4,14770.613
active,0,14880.612
active,4,14951.155
active,2,15191.202
active,5,15191.203
active,1,15240.731
active,5,15490.797
active,4,15491.018
active,0,15540.964
active,9,15609.737
active,1,15720.624
active,0,15720.961
active,2,15731.292
active,0,15841.048
active,2,15851.174
active,5,15851.195
active,8,15906.968
active,4,16031.373
active,2,16031.382
active,0,16201.069
active,6,16208.648
active,7,16217.533
active,1,16321.081
active,3,16321.087
active,4,16450.827
active,2,16450.952
active,7,16515.142
active,4,16570.531
active,0,16620.801
active,1,16681.223
active,3,16741.173
active,6,16805.405
active,2,16814.765
active,4,16871.114
active,2,16930.526
active,3,17040.891
active,3,17105.481
active,7,17116.83
active,2,17231.194
active,3,17280.647
active,0,17280.894
active,2,17290.964
active,5,17340.755
active,0,17401.226
active,6,17405.663
active,9,17408.805
active,7,17415.054
active,3,17460.976
active,0,17461.18
active,0,17521.046
active,3,17521.193
active,4,17530.884
active,1,17580.778
active,4,17591.261
active,3,17640.726
active,1,17640.729
active,0,17640.914
active,4,17650.707
active,7,17715.232
active,4,17717.971
active,0,17821.296
active,5,17950.962
active,5,18015.012
active,0,18060.592
active,3,18060.782
active,0,18300.989
active,0,18420.722
active,2,18431.238
active,2,18551.23
active,5,18610.867
active,5,18671.077
active,4,18790.81
active,3,18841.047
active,4,18851.288
active,5,18971.371
active,2,19031.071
active,5,19091.25
active,3,19204.564
active,4,19330.863
active,1,19380.911
active,2,19390.582
active,3,19504.971
active,7,19515.582
active,4,19518.369
active,3,19560.494
active,1,19620.526
active,5,19630.807
active,0,19680.786
active,5,19691.041
active,1,19740.761
active,8,19808.143
active,7,19817.202
active,4,19930.951
active,3,19980.643
active,0,20040.837
active,8,20107.529
active,9,20107.929
active,3,20160.784
active,0,20160.788
active,3,20220.738
active,3,20280.502
active,0,20340.789
active,1,20401.276
active,2,20531.05
active,3,20580.582
active,5,20590.783
active,5,20650.582
active,4,20651.053
active,2,20715.717
active,4,20718.589
active,0,20821.0
active,3,20940.715
active,4,21018.981
active,3,21060.553
active,2,21130.689
active,0,21181.047
active,3,21181.185
active,1,21181.197
active,2,21190.851
active,2,21251.114
active,4,21317.784
active,3,21360.624
active,0,21360.942
active,5,21550.915
active,5,21615.583
active,6,21618.002
active,2,21622.481
active,4,21671.534
active,4,21790.561
active,3,21840.894
active,3,21904.496
active,2,21970.57
active,0,22020.714
active,1,22080.52
active,5,22151.291
active,0,22200.777
active,3,22204.511
active,8,22207.563
active,3,22320.964
active,2,22331.119
active,1,22381.15
active,2,22516.319
active,7,22517.414
active,3,22560.924
active,2,22571.05
active,3,22621.112
active,5,22631.242
active,4,22751.407
active,0,22860.6
active,1,22861.092
active,3,22861.095
active,2,22870.76
active,5,22871.318
active,2,22931.311
active,5,22991.198
active,4,22991.202
active,5,23050.898
active,4,23051.027
active,8,23107.42
active,4,23118.137
active,0,23221.033
active,3,23280.569
active,3,23341.031
active,4,23350.605
active,0,23401.224
active,8,23409.348
active,4,23421.949
active,0,23520.987
active,3,23521.042
active,1,23521.046
active,4,23530.92
active,5,23650.959
active,3,23820.615
active,1,23820.996
active,3,23880.57
active,5,24011.194
active,5,24071.075
active,2,24071.078
active,1,24304.469
active,3,24305.138
active,0,24420.863
active,4,24431.039
active,0,24480.451
active,4,24490.531
active,2,24490.929
active,0,24541.03
active,0,24600.974
active,8,24607.268
active,7,24614.92
active,1,24660.542
active,4,24671.044
active,5,24851.097
active,2,24971.199
active,5,25030.73
active,0,25080.956
active,5,25150.523
active,4,25150.889
active,2,25151.172
active,0,25200.92
active,3,25210.252
active,7,25223.921
active,2,25270.933
active,4,25330.863
active,2,25331.217
active,0,25380.513
active,4,25518.078
active,1,25621.131
active,2,25631.204
active,1,25740.601
active,3,25741.058
active,5,25751.342
active,1,25801.116
active,6,25806.818
active,4,25820.329
active,1,25921.055
active,5,26051.307
active,0,26101.45
active,8,26107.621
active,2,26231.217
active,6,26405.401
active,2,26414.432
active,0,26460.948
active,2,26531.235
active,4,26590.869
active,5,26591.288
active,4,26650.924
active,5,26711.184
active,3,26760.969
active,0,27000.889
active,3,27005.315
active,8,27008.708
active,9,27011.3
active,5,27251.25
active,0,27301.171
active,8,27307.828
active,2,27314.654
active,4,27319.229
active,1,27360.662
active,3,27420.615
active,1,27480.919
active,3,27540.69
active,2,27550.832
active,8,27606.961
active,4,27617.52
active,1,27841.197
active,1,27903.554
active,3,27904.891
active,0,27960.66
active,1,28020.782
active,3,28020.834
active,1,28081.184
active,1,28140.824
active,5,28210.994
active,4,28217.452
active,4,28271.276
active,0,28320.583
active,3,28320.935
active,4,28330.896
active,5,28331.083
active,1,28440.506
active,3,28440.73
active,1,28500.694
active,3,28503.401
active,2,28514.882
active,4,28570.697
active,5,28571.105
active,2,28630.812
active,5,28631.048
active,2,28823.921
active,1,28860.605
active,4,28870.979
active,1,28980.93
active,4,28990.677
active,0,29040.461
active,5,29050.821
active,9,29108.629
active,2,29171.143
active,5,29171.147
active,3,29340.549
active,1,29400.617
active,8,29406.357
active,0,29460.821
active,5,29590.828
active,4,29651.311
active,8,29710.433
active,2,29716.62
active,7,29717.337
active,3,29760.856
active,2,29830.73
active,4,29831.016
active,4,29891.026
active,1,29940.78
active,5,29950.996
active,4,29950.999
active,3,30181.124
active,2,30251.167
active,0,30300.929
active,5,30370.686
active,2,30430.612
active,1,30480.903
active,0,30480.906
active,5,30490.775
active,0,30540.997
active,3,30541.088
active,0,30600.63
active,2,30617.002
active,4,30620.321
active,3,30660.723
active,2,30670.87
active,1,30721.033
active,1,30780.896
active,2,30851.045
active,2,30914.17
active,1,30960.6
active,0,31020.953
active,5,31150.677
active,8,31208.124
active,6,31208.127
active,3,31260.483
active,0,31440.627
active,3,31441.261
active,6,31507.799
active,0,31561.233
active,4,31691.016
active,4,31751.026
active,3,31803.603
active,4,31870.524
active,1,31921.206
active,5,31930.73
active,0,32040.785
active,2,32050.764
active,8,32107.198
active,2,32425.746
active,4,32470.531
active,1,32520.657
active,0,32520.884
active,4,32531.286
active,2,32590.942
active,5,32591.168
active,0,32701.283
active,4,32718.029
active,1,32760.969
active,3,32820.585
active,2,32831.382
active,0,32881.055
active,2,32951.461
active,8,33008.15
active,5,33011.435
active,5,33070.646
active,3,33181.12
active,2,33191.059
active,3,33241.06
active,0,33300.606
active,1,33303.954
active,6,33307.417
active,2,33316.396
active,7,33316.879
active,2,33370.887
active,4,33490.867
active,2,33491.046
active,0,33540.605
active,8,33610.372
active,9,33611.775
active,5,33670.921
active,1,33721.177
active,3,33780.534
active,0,33780.882
active,5,33851.033
active,3,33904.734
active,6,33905.15
active,7,33915.049
active,5,33970.934
active,1,34020.838
active,5,34031.147
active,8,34208.499
active,3,34260.958
active,1,34261.044
active,5,34271.015
active,0,34320.56
active,0,34440.823
active,4,34451.413
active,7,34514.283
active,2,34514.285
active,5,34570.938
active,4,34571.085
active,5,34750.583
active,0,34860.91
active,3,35040.833
active,5,35050.712
active,4,35050.715
active,2,35051.046
active,6,35107.148
active,2,35116.269
active,4,35171.227
active,5,35230.511
active,3,35281.097
active,1,35281.164
active,4,35290.799
active,1,35340.604
active,2,35350.493
active,0,35401.234
active,6,35405.823
active,4,35418.829
active,2,35470.7
active,1,35580.985
active,3,35580.988
active,2,35591.098
active,1,35641.225
active,5,35650.779
active,4,35651.117
active,2,35714.924
active,2,35770.661
active,3,35820.553
active,1,35820.914
active,3,35881.264
active,3,35940.66
active,1,35940.886
active,5,35951.327
active,0,36120.61
active,4,36130.591
active,2,36191.224
active,3,36240.91
active,4,36250.589
active,3,36360.481
active,1,36360.834
active,0,36420.776
active,2,36490.932
active,4,36551.205
active,1,36660.563
active,0,36660.937
active,3,36840.583
active,1,36961.018
active,3,36961.182
active,5,37150.72
active,0,37440.682
active,1,37500.603
active,0,37501.151
active,2,37514.227
active,2,37631.107
active,1,37740.631
active,0,37740.843
active,1,37805.684
active,3,37920.933
active,5,37930.576
active,2,37930.951
active,1,37980.864
active,2,37990.789
active,0,38040.752
active,0,38100.54
active,1,38281.118
active,0,38400.526
active,1,38401.058
active,6,38405.069
active,8,38407.74
active,4,38417.653
active,3,38460.612
active,5,38470.802
active,2,38591.087
active,4,38591.263
active,5,38650.618
active,0,38701.236
active,1,38704.754
active,3,38760.521
active,4,38950.628
active,2,38950.959
active,4,39019.55
active,4,39070.598
active,5,39071.196
active,3,39121.012
active,6,39305.55
active,4,39491.137
active,2,39551.336
active,6,39620.569
active,2,39671.148
active,2,39730.636
active,0,39780.409
active,0,39900.922
active,1,39900.926
active,8,39906.552
active,2,39913.934
active,1,40020.807
active,1,40081.02
active,5,40150.793
active,1,40201.417
active,3,40204.555
active,5,40211.463
active,4,40218.288
active,5,40271.289
active,0,40321.036
active,4,40390.698
active,3,40440.552
active,5,40450.918
active,3,40505.811
active,9,40512.001
active,0,40621.099
active,1,40680.714
active,0,40801.304
active,3,40980.637
active,0,41040.79
active,2,41051.274
active,3,41160.988
active,1,41220.861
active,0,41220.862
active,2,41230.552
active,5,41231.15
active,0,41280.988
active,4,41290.792
active,1,41340.603
active,3,41341.093
active,7,41417.083
active,5,41471.049
active,3,41520.974
active,1,41520.976
active,5,41530.582
active,2,41714.621
active,2,41771.143
active,1,41820.555
active,3,41820.874
active,0,41880.742
active,3,41880.861
active,5,41890.688
active,3,41940.65
active,1,42060.495
active,0,42180.992
active,2,42190.79
active,2,42251.004
active,8,42308.78
active,2,42315.951
active,4,42320.209
active,3,42420.762
active,4,42430.899
active,1,42480.991
active,5,42491.051
active,0,42541.242
active,5,42550.537
active,6,42605.718
active,1,42660.793
active,0,42720.53
active,1,42720.918
active,3,42720.926
active,4,42731.109
active,5,42731.221
active,3,42960.582
active,2,42970.546
active,4,42971.081
active,2,43031.109
active,3,43080.895
active,1,43140.962
active,5,43150.533
active,1,43209.823
active,8,43225.251
active,4,43270.864
active,0,43321.107
active,5,43390.788
active,0,43441.105
active,4,43450.522
active,0,43501.219
active,1,43501.528
active,3,43505.123
active,6,43505.967
active,8,43507.825
active,5,43511.06
active,2,43515.163
active,4,43520.796
active,0,43560.798
active,4,43630.969
active,4,43690.619
active,0,43740.93
active,2,43751.293
active,0,43800.532
active,8,43807.347
active,5,43810.849
active,2,43814.213
active,4,43819.466
active,0,43860.924
active,4,43871.279
active,3,44040.613
active,0,44040.96
active,1,44103.439
active,2,44116.121
active,1,44220.909
active,0,44340.764
active,3,44340.854
active,2,44350.695
active,5,44351.235
active,1,44401.193
active,3,44404.398
active,6,44406.988
active,4,44591.191
active,1,44641.014
active,3,44703.399
active,4,44719.099
active,1,44880.593
active,2,44890.879
active,4,44951.044
active,5,45014.771
active,6,45016.188
active,9,45020.128
active,4,45029.468
active,0,45060.807
active,2,45130.801
active,3,45180.767
active,2,45190.821
active,4,45250.698
active,2,45251.03
active,1,45300.481
active,2,45371.151
active,3,45421.142
active,5,45430.584
active,0,45481.153
active,1,45481.157
active,5,45551.056
active,9,45612.213
active,4,45618.721
active,3,45720.91
active,4,45791.265
active,5,45791.271
active,0,45840.615
active,2,45850.891
active,5,45851.247
active,0,45901.123
active,6,45907.706
active,2,45917.412
active,4,46150.969
active,5,46151.281
active,1,46200.648
active,3,46203.481
active,6,46205.02
active,2,46214.372
active,0,46260.914
active,5,46271.144
active,0,46320.977
active,0,46380.684
active,2,46390.961
active,0,46440.81
active,0,46560.961
active,2,46570.772
active,4,46690.707
active,3,46861.085
active,5,46930.65
active,4,46931.424
active,4,47051.24
active,6,47106.538
active,0,47160.661
active,3,47161.035
active,5,47230.885
active,5,47290.837
active,2,47291.055
active,4,47351.353
active,1,47400.669
active,3,47404.069
active,9,47414.923
active,4,47420.36
active,3,47461.139
active,0,47521.031
active,2,47590.518
active,1,47641.04
active,3,47641.112
active,0,47700.583
active,1,47704.052
active,9,47717.969
active,0,47760.492
active,1,47760.991
active,5,47771.216
active,4,47771.217
active,1,47821.015
active,2,47830.923
active,0,47941.148
active,0,48000.594
active,1,48001.189
active,3,48004.19
active,7,48015.081
active,2,48071.268
active,4,48071.439
active,0,48120.939
active,2,48131.12
active,3,48240.983
active,4,48251.414
active,4,48320.608
active,3,48361.165
active,4,48371.486
active,2,48371.498
active,1,48420.614
active,4,48551.292
active,8,48624.987
active,2,48625.289
active,4,48638.009
active,1,48660.86
active,3,48663.789
active,2,48674.192
active,4,48690.013
active,2,48731.475
active,5,48791.419
active,4,48805.638
active,0,48840.943
active,4,48864.901
active,5,48919.879
active,9,48960.231
active,0,48967.605
active,4,49044.238
active,2,49091.383
active,0,49140.614
active,3,49208.569
active,7,49221.876
active,3,49381.347
active,3,49514.763
active,2,49527.071
active,7,49527.885
active,9,49530.968
active,2,49574.677
active,4,49637.559
active,0,49740.71
active,1,49740.802
active,4,49877.552
active,4,49999.019
active,0,50100.989
active,5,50114.051
active,8,50121.745
active,7,50124.358
active,4,50132.409
active,2,50174.062
active,1,50340.82
active,3,50341.323
active,4,50357.792
active,7,50451.344
active,8,50455.784
active,9,50471.603
active,1,50490.749
active,5,50531.498
active,4,50658.22
active,0,50701.378
active,9,50721.43
active,1,50760.807
active,2,50774.573
active,3,50821.05
active,0,50941.008
active,5,50950.89
active,2,50954.297
active,4,50955.39
active,1,51004.774
active,7,51024.359
active,0,51120.73
active,1,51121.341
active,4,51137.854
active,2,51254.073
active,4,51255.079
active,0,51300.705
active,3,51314.871
active,4,51338.33
active,2,51434.559
active,2,51493.481
active,0,51541.135
active,2,51553.876
active,0,51600.844
active,2,51622.132
active,1,51660.787
active,4,51734.84
active,1,51780.551
active,9,51920.062
active,3,51961.254
active,5,52091.155
active,4,52154.701
active,2,52228.91
active,5,52271.333
active,3,52320.999
active,1,52380.67
active,3,52380.99
active,1,52440.563
active,0,52440.799
active,2,52453.433
active,8,52519.047
active,2,52522.171
active,7,52522.851
active,0,52620.873
active,3,52621.083
active,5,52631.406
active,1,52680.693
active,0,52681.058
active,5,52750.996
active,5,52814.427
active,0,52860.885
active,3,52921.256
active,5,52931.18
active,3,52981.265
active,0,53040.772
active,3,53116.151
active,8,53123.591
active,9,53129.327
active,1,53161.037
active,5,53231.302
active,2,53234.083
active,2,53293.851
active,4,53294.892
active,3,53409.07
active,5,53413.86
active,8,53415.38
active,2,53421.412
active,4,53426.241
active,4,53474.415
active,3,53521.314
active,4,53534.877
active,5,53651.217
active,2,53653.443
active,0,53700.573
active,6,53715.169
active,9,53720.946
active,1,53941.416
active,1,54075.139
active,5,54130.606
active,4,54134.384
active,0,54241.182
active,4,54255.081
active,1,54304.628
active,4,54329.349
active,0,54361.078
active,3,54421.164
active,1,54541.137
active,0,54600.945
active,1,54604.729
active,1,54661.101
active,4,54735.025
active,5,54790.798
active,5,54850.55
active,0,54900.604
active,6,54918.651
active,1,54960.96
active,3,54964.423
active,5,54970.725
active,4,55154.268
active,6,55212.735
active,5,55270.679
active,0,55320.919
active,2,55334.388
active,0,55380.607
active,3,55381.193
active,4,55394.922
active,4,55455.167
active,8,55515.71
active,0,55621.112
active,5,55691.103
active,4,55694.363
active,1,55808.634
active,6,55822.446
active,7,55831.979
active,5,55871.234
active,3,55921.155
active,2,55934.061
active,3,55981.043
active,4,55995.143
active,3,56041.277
active,1,56105.123
active,6,56115.317
active,0,56160.792
active,4,56174.696
active,3,56221.285
active,4,56235.426
active,5,56291.023
active,4,56354.517
active,3,56411.374
active,6,56414.98
active,2,56422.499
active,3,56461.202
active,5,56470.723
active,1,56520.989
active,3,56581.114
active,2,56594.425
active,1,56640.76
active,4,56654.523
active,4,56737.651
active,2,56953.813
active,0,57061.071
active,1,57120.975
active,2,57133.845
active,1,57240.823
active,0,57241.111
active,5,57250.481
active,2,57253.855
active,3,57308.821
active,9,57319.0
active,7,57322.25
active,5,57491.267
active,0,57540.559
active,5,57624.173
active,7,57637.294
active,1,57663.328
active,1,57720.561
active,4,57854.616
active,1,57905.162
active,3,57911.701
active,6,57915.287
active,1,57960.492
active,0,58080.647
active,2,58094.076
active,4,58094.569
active,0,58140.699
active,6,58216.257
active,2,58225.102
active,4,58275.022
active,3,58321.256
active,1,58380.77
active,5,58390.571
active,2,58394.373
active,4,58394.673
active,7,58528.25
active,0,58561.026
active,5,58691.115
active,1,58740.637
active,4,58754.896
active,3,58808.76
active,0,58920.772
active,0,58980.583
active,1,59041.004
active,4,59054.73
active,3,59111.185
active,8,59119.111
active,4,59129.89
active,3,59281.149
active,0,59341.237
active,2,59353.772
active,1,59460.699
active,3,59463.849
active,1,59520.902
active,5,59591.177
active,4,59594.493
active,3,59710.366
active,9,59718.117
active,2,59721.64
active,3,59761.363
active,5,59830.959
active,2,60021.522
active,7,60022.687
active,4,60026.833
active,5,60071.263
active,2,60074.361
active,0,60120.844
active,1,60121.164
active,5,60190.963
active,1,60240.598
active,3,60241.151
active,4,60254.943
active,2,60494.199
active,2,60554.047
active,4,60554.401
active,1,60721.205
active,2,60794.011
active,1,60841.36
active,5,60850.68
active,2,60922.08
active,1,60961.182
active,3,60961.373
active,5,61031.406
active,2,61033.672
active,4,61034.503
active,3,61081.166
active,0,61141.299
active,4,61154.433
active,2,61277.115
active,2,61333.992
active,0,61380.756
active,4,61454.871
active,1,61504.721
active,4,61530.289
active,5,61571.118
active,4,61575.391
active,1,61620.547
active,2,61633.613
active,5,61691.332
active,5,61751.09
active,1,61805.282
active,6,61813.864
active,4,61828.359
active,1,61861.018
active,3,61861.209
active,3,61921.121
active,0,61980.764
active,1,61981.379
active,0,62041.001
active,1,62108.339
active,5,62117.846
active,8,62125.692
active,4,62138.91
active,1,62160.708
active,0,62160.793
active,5,62170.935
active,1,62221.184
active,4,62235.002
active,1,62280.708
active,3,62341.07
active,0,62400.574
active,1,62405.581
active,3,62461.16
active,1,62580.679
active,2,62593.896
active,8,62715.37
active,1,62760.625
active,1,62820.642
active,0,62820.82
active,4,62955.002
active,3,63063.998
active,3,63121.234
active,0,63180.763
active,2,63254.303
active,1,63304.87
active,8,63315.169
active,9,63318.349
active,4,63328.249
active,2,63374.625
active,4,63494.999
active,2,63553.527
active,3,63608.749
active,6,63614.448
active,8,63616.682
active,3,63661.311
active,4,63674.586
active,5,63731.468
active,2,63734.651
active,2,63794.012
active,4,63854.924
active,3,63915.556
active,5,63917.613
active,6,63918.717
active,4,64095.016
active,2,64154.29
active,1,64205.366
active,2,64224.073
active,0,64261.299
active,0,64381.019
active,3,64381.324
active,1,64504.645
active,7,64524.758
active,0,64620.701
active,2,64634.317
active,0,64680.554
active,1,64681.185
active,5,64690.651
active,4,64695.074
active,8,64834.624
active,7,64838.294
active,1,64860.784
active,5,64870.919
active,0,64980.579
active,3,64981.08
active,5,65051.215
active,3,65220.961
active,0,65221.088
active,0,65281.033
active,5,65351.039
active,3,65411.599
active,8,65418.686
active,3,65461.146
active,3,65521.234
active,3,65581.084
active,2,65593.578
active,0,65641.112
active,4,65739.517
active,1,65760.839
active,2,65774.167
active,2,65833.995
active,1,65880.502
active,4,65894.425
active,0,65940.847
active,4,65954.934
active,4,66075.151
active,0,66121.14
active,5,66191.419
active,4,66194.901
active,0,66240.741
active,4,66254.524
active,3,66309.493
active,5,66313.774
active,9,66319.577
active,7,66322.384
active,1,66421.377
active,1,66481.206
active,0,66540.713
active,4,66554.744
active,8,66627.348
active,2,66674.622
active,3,66781.235
active,4,66794.884
active,3,66841.315
active,2,66925.082
active,4,66930.092
active,3,67021.184
active,6,67214.912
active,8,67216.461
active,9,67219.729
active,7,67222.601
active,3,67261.243
active,4,67275.095
active,3,67321.155
active,4,67335.253
active,3,67514.673
active,9,67528.838
active,5,67570.541
active,1,67620.969
active,2,67633.761
active,3,67812.672
active,5,67813.819
active,4,67994.98
active,0,68101.056
active,1,68105.435
active,3,68112.002
active,5,68113.851
active,8,68119.42
active,2,68124.24
active,7,68125.353
active,5,68231.235
active,3,68341.139
active,2,68353.501
active,4,68355.017
active,2,68439.123
active,9,68441.103
active,4,68483.55
active,0,68520.812
active,3,68523.84
active,1,68580.559
active,2,68654.194
active,0,68701.187
active,3,68716.416
active,9,68727.021
active,1,68761.002
active,3,68764.471
active,2,68774.893
active,4,68777.403
active,2,68834.773
active,4,68957.409
active,0,69000.743
active,7,69026.042
active,0,69061.011
active,3,69064.86
active,5,69070.606
active,0,69121.051
active,1,69241.007
active,3,69244.412
active,5,69250.649
active,0,69300.639
active,8,69325.645
active,5,69371.037
active,4,69384.215
active,4,69497.611
active,5,69550.986
active,5,69615.128
active,7,69626.372
active,4,69633.359
active,1,69840.745
active,4,69929.759
active,1,70021.164
active,1,70080.803
active,6,70224.624
active,4,70240.182
active,4,70284.411
active,2,70394.301
active,4,70456.719
active,1,70505.093
active,6,70515.982
active,8,70517.329
active,2,70524.439
active,7,70525.464
active,2,70574.993
active,0,70680.887
active,2,70694.87
active,2,70754.274
active,5,70814.067
active,0,70860.927
active,3,70864.371
active,5,70870.715
active,4,70877.427
active,3,70984.451
active,2,70995.417
active,1,71040.778
active,0,71040.778
active,3,71044.143
active,5,71124.543
active,3,71132.51
active,7,71146.826
active,1,71220.873
active,1,71280.848
active,4,71296.8
active,1,71340.811
active,5,71351.363
active,4,71357.955
active,3,71415.951
active,7,71428.751
active,5,71471.022
active,4,71536.599
active,3,71644.152
active,2,71655.322
active,8,71730.566
active,4,71741.339
active,0,71760.832
active,5,71771.336
active,2,71775.035
active,5,71831.336
active,0,71880.931
active,3,71883.999
active,5,71950.646
active,9,72034.154
active,4,72042.517
active,2,72071.066
active,1,72120.754
active,0,72180.453
active,3,72306.6
active,5,72311.27
active,5,72371.388
active,0,72420.519
active,1,72420.875
active,5,72430.579
active,2,72431.205
active,5,72490.6
active,4,72491.516
active,2,72550.814
active,4,72551.404
active,1,72600.934
active,5,72610.789
active,2,72617.502
active,7,72618.563
active,0,72720.695
active,5,72730.924
active,0,72781.091
active,3,72840.648
active,0,72900.803
active,5,72913.963
active,5,72970.945
active,2,72971.137
active,1,73020.63
active,6,73208.008
active,5,73210.975
active,2,73215.205
active,4,73223.321
active,3,73261.041
active,2,73331.209
active,4,73331.623
active,1,73381.099
active,2,73391.048
active,1,73440.577
active,6,73507.638
active,7,73517.053
active,4,73524.9
active,1,73560.964
active,1,73681.019
active,0,73800.943
active,7,73819.872
active,3,73860.568
active,2,73871.155
active,4,73871.309
active,0,73980.815
active,3,73980.998
active,6,74107.5
active,9,74114.364
active,4,74124.28
active,5,74170.732
active,4,74171.545
active,3,74220.951
active,0,74280.618
active,3,74281.045
active,1,74281.047
active,3,74404.471
active,9,74412.082
active,0,74521.0
active,3,74640.695
active,3,74707.337
active,7,74720.44
active,4,74891.287
active,0,74940.937
active,8,75012.432
active,9,75014.111
active,7,75017.042
active,1,75060.505
active,3,75060.79
active,0,75060.852
active,4,75073.26
active,4,75131.274
active,1,75180.949
active,5,75191.393
active,3,75240.875
active,2,75370.574
active,0,75420.901
active,5,75430.823
active,3,75480.793
active,2,75490.69
active,3,75540.844
active,5,75551.28
active,3,75615.52
active,2,75671.294
active,4,75731.219
active,2,75791.539
active,5,75851.111
active,2,75851.476
active,3,75904.85
active,9,75912.268
active,0,75960.623
active,1,75960.898
active,4,75971.296
active,1,76020.946
active,5,76030.709
active,0,76200.679
active,9,76212.497
active,3,76260.978
active,2,76271.363
active,3,76560.763
active,0,76561.02
active,0,76620.957
active,5,76631.024
active,3,76681.006
active,4,76691.289
active,5,76750.579
active,1,76801.051
active,7,76816.994
active,3,76860.878
active,2,76930.801
active,5,77050.818
active,9,77116.092
active,7,77117.184
active,1,77160.575
active,0,77160.918
active,5,77170.827
active,2,77171.333
active,2,77231.082
active,4,77291.795
active,2,77351.176
active,4,77351.372
active,1,77404.676
active,6,77409.258
active,8,77413.81
active,5,77414.297
active,2,77471.177
active,0,77520.852
active,2,77531.339
active,3,77580.988
active,0,77641.117
active,3,77704.239
active,1,77820.936
active,4,77831.293
active,3,77941.019
active,6,78007.689
active,9,78013.56
active,4,78020.511
active,1,78060.962
active,3,78061.025
active,5,78130.812
active,0,78180.92
active,8,78314.143
active,5,78314.48
active,3,78360.828
active,5,78371.456
active,3,78604.629
active,6,78607.277
active,4,78623.571
active,3,78660.695
active,0,78720.706
active,0,78781.12
active,1,78841.175
active,5,78851.161
active,1,78901.326
active,3,78960.705
active,0,78960.707
active,2,79090.986
active,3,79140.784
active,5,79217.039
active,7,79226.03
active,4,79231.259
active,0,79261.071
active,2,79271.233
active,1,79440.541
active,5,79450.679
active,3,79504.619
active,2,79571.115
active,5,79571.162
active,0,79621.088
active,3,79621.093
active,1,79741.027
active,0,79741.1
active,8,79810.628
active,5,79811.047
active,4,79823.639
active,0,79981.021
active,0,80040.606
active,8,80110.019
active,7,80117.811
active,0,80160.691
active,3,80160.742
active,5,80231.195
active,0,80280.662
active,0,80340.46
active,3,80340.901
active,1,80341.021
active,6,80407.428
active,9,80415.217
active,4,80422.42
active,0,80460.723
active,2,80471.06
active,3,80521.16
active,4,80531.262
active,2,80531.539
active,1,80580.767
active,5,80591.384
active,0,80641.099
active,2,80651.294
active,9,80715.823
active,4,80771.539
active,5,80830.946
active,5,80891.168
active,4,80891.375
active,1,81004.314
active,7,81018.356
active,4,81191.573
active,0,81240.761
active,3,81240.958
active,4,81371.247
active,0,81420.632
active,3,81540.874
active,4,81671.579
active,0,81720.836
active,5,81730.592
active,4,81791.248
active,0,81841.027
active,5,82030.958
active,0,82080.698
active,3,82140.958
active,1,82260.782
active,2,82391.05
active,5,82391.556
active,0,82500.97
active,1,82501.18
active,2,82571.06
active,4,82571.328
active,5,82691.151
active,3,82815.942
active,6,82820.353
active,9,82823.545
active,4,82833.419
active,1,82861.08
active,0,82921.106
active,5,82930.612
active,4,82931.315
active,4,82991.334
active,4,83051.148
active,9,83112.664
active,0,83220.985
active,1,83220.988
active,0,83400.987
active,6,83413.728
active,8,83415.05
active,7,83418.255
active,2,83531.095
active,3,83581.027
active,4,83651.426
active,3,83708.511
active,3,83760.77
active,4,83831.568
active,3,83880.756
active,1,84001.238
active,5,84010.802
active,9,84014.72
active,0,84120.87
active,0,84181.06
active,2,84190.815
active,3,84241.067
active,2,84370.734
active,5,84431.125
active,2,84551.015
active,4,84551.299
active,1,84604.868
active,5,84671.102
active,0,84720.521
active,3,84721.265
active,5,84790.995
active,8,84911.746
active,2,84915.543
active,4,84923.814
active,0,84960.944
active,1,85080.544
active,5,85150.84
active,4,85151.58
active,3,85204.57
active,0,85261.038
active,2,85331.027
active,3,85381.159
active,1,85381.167
active,5,85391.196
active,2,85517.018
active,0,85560.623
active,1,85620.974
active,1,85740.675
active,0,85800.778
active,7,85817.121
active,3,85861.061
active,5,85871.424
active,4,85871.459
active,5,85931.404
active,4,85931.507
active,0,85981.208
active,0,86100.618
active,9,86114.991
active,2,86170.898
active,3,86340.991
active,4,86470.526
active,3,86580.64
active,4,86591.041
active,4,86651.027
active,5,86711.155
active,7,86715.177
active,2,86770.883
active,2,86831.33
active,0,86880.944
active,8,87007.829
active,9,87011.482
active,0,87060.69
active,3,87060.891
active,4,87071.087
active,3,87120.957
active,1,87181.162
active,2,87191.237
active,9,87312.012
active,2,87316.873
active,7,87316.917
active,4,87321.039
active,0,87360.675
active,9,87611.321
active,7,87614.958
active,3,87661.175
active,2,87671.089
active,4,87671.258
active,0,87720.577
active,4,87730.652
active,3,87780.72
active,0,87781.055
active,4,87850.593
active,5,87850.98
active,2,88031.35
active,6,88208.744
active,0,88260.806
active,0,88381.107
active,5,88391.387
active,8,88507.9
active,2,88631.204
active,4,88751.173
active,4,88818.922
active,4,88870.654
active,3,88981.09
active,4,89051.008
active,2,89051.069
active,8,89108.321
active,9,89111.825
active,2,89117.999
active,4,89350.522
active,8,89407.707
active,5,89411.245
active,7,89415.06
active,2,89530.989
active,4,89590.658
active,5,89591.168
active,1,89641.264
active,5,89650.729
active,0,89701.186
active,5,89710.766
active,1,89820.981
active,5,89830.974
active,4,89831.185
active,3,89880.644
active,5,90070.727
active,3,90180.531
active,3,90240.431
active,8,90307.717
active,5,90311.178
active,0,90360.694
active,5,90491.014
active,1,90540.619
active,0,90540.925
active,2,90550.81
active,4,90551.309
active,0,90601.318
active,6,90605.399
active,1,90660.818
active,3,90721.033
active,5,90911.678
active,9,90912.353
active,2,90970.789
active,4,90971.364
active,4,91031.049
active,3,91080.982
active,2,91090.788
active,1,91140.993
active,6,91205.638
active,5,91330.659
active,4,91330.91
active,1,91380.613
active,3,91440.81
active,6,91506.031
active,5,91511.113
active,4,91519.323
active,4,91570.838
active,2,91571.086
active,3,91620.596
active,0,91680.979
active,0,91741.148
active,0,91800.492
active,8,91807.979
active,7,91816.767
active,2,91871.096
active,4,91990.799
active,2,92050.584
active,4,92051.15
active,7,92115.418
active,4,92170.82
active,2,92231.32
active,1,92281.056
active,5,92350.878
active,8,92407.703
active,7,92415.2
active,2,92470.979
active,0,92581.153
active,0,92641.074
active,3,92641.075
active,5,92770.864
active,4,92770.95
active,0,92820.92
active,2,92830.76
active,4,92831.157
active,1,92880.603
active,0,92880.94
active,5,92950.886
active,8,93007.733
active,0,93061.195
active,4,93071.347
active,4,93130.69
active,5,93190.978
active,2,93191.084
active,0,93240.934
active,1,93301.121
active,6,93307.267
active,0,93361.026
active,5,93431.157
active,1,93481.054
active,6,93618.324
active,2,93731.16
active,0,93900.653
active,6,93905.9
active,7,93915.07
active,5,93971.162
active,3,94020.542
active,1,94020.915
active,4,94090.542
active,3,94140.694
active,8,94206.811
active,2,94214.602
active,0,94260.566
active,1,94320.758
active,1,94380.879
active,7,94517.4
active,2,94690.669
active,5,94690.787
active,3,94740.606
active,4,94751.139
active,0,94801.047
active,5,94811.606
active,2,94870.957
active,2,94930.556
active,5,95051.057
active,4,95230.752
active,3,95280.782
active,1,95341.04
active,2,95350.898
active,4,95351.114
active,9,95411.92
active,2,95471.043
active,3,95520.906
active,1,95580.848
active,2,95591.4
active,5,95651.356
active,3,95760.703
active,1,95820.752
active,4,95950.839
active,1,96001.055
active,3,96061.029
active,6,96307.802
active,9,96311.066
active,2,96316.621
active,7,96317.167
active,3,96360.875
active,1,96361.104
active,5,96371.164
active,4,96371.167
active,3,96420.931
active,4,96431.14
active,2,96491.132
active,5,96610.891
active,4,96618.8
active,1,96660.989
active,5,96670.927
active,3,96721.064
active,2,96731.369
active,0,96780.725
active,3,96840.807
active,2,96850.693
active,4,96851.268
active,0,96901.495
active,6,96905.459
active,8,96908.598
active,7,96915.249
active,1,97080.768
active,0,97080.774
active,3,97140.562
active,0,97141.09
active,1,97209.757
active,7,97224.174
active,2,97330.61
active,5,97331.229
active,2,97390.737
active,5,97391.106
active,0,97440.546
active,8,97507.782
active,4,97519.157
active,1,97561.052
active,1,97620.595
active,4,97630.836
active,5,97630.836
active,2,97631.17
active,0,97741.041
active,2,97750.97
active,1,97800.863
active,1,97860.778
active,5,97870.791
active,2,97930.628
active,3,97980.783
active,1,97981.133
active,1,98104.143
active,3,98105.923
active,5,98111.046
active,0,98161.006
active,5,98170.809
active,0,98221.035
active,1,98340.563
active,4,98351.083
active,0,98401.181
active,6,98405.61
active,9,98409.629
active,7,98414.747
active,3,98460.71
active,4,98470.872
active,5,98471.132
active,5,98530.93
active,2,98530.933
active,0,98581.135
active,1,98640.888
active,2,98651.128
active,5,98651.133
active,8,98707.891
active,4,98830.748
active,0,98880.591
active,5,98891.365
active,1,98941.141
active,2,99071.267
active,0,99121.175
active,2,99314.563
active,4,99317.49
active,4,99430.616
active,2,99430.903
active,5,99431.112
active,3,99480.57
active,2,99491.039
active,2,99731.298
active,0,99781.21
active,3,99840.949
active,1,99840.96
active,8,99908.85
active,5,99970.772
active,2,99971.386
active,1,100020.594
active,3,100081.14
active,2,100091.156
active,2,100151.22
active,1,100200.871
active,0,100201.372
active,4,100390.725
active,2,100391.335
active,1,100501.522
active,5,100511.936
active,2,100515.038
active,7,100515.431
active,0,100560.897
active,5,100571.105
active,0,100620.526
active,2,100690.596
active,5,100691.158
active,0,100800.875
active,3,100811.84
active,1,100860.898
active,2,100870.524
active,3,100921.092
active,1,100921.093
active,1,100980.856
active,2,101050.996
active,3,101104.508
active,6,101107.31
active,9,101111.827
active,2,101114.673
active,1,101220.994
active,5,101230.521
active,4,101230.916
active,0,101281.145
active,5,101351.063
active,6,101404.841
active,5,101410.883
active,7,101414.732
active,1,101461.1
active,5,101530.911
active,5,101711.943
active,9,101711.972
active,4,101721.249
active,1,101820.968
active,0,101821.167
active,1,101881.112
active,3,101941.011
active,6,102005.411
active,7,102015.23
active,0,102061.044
active,4,102190.983
active,0,102241.079
active,2,102250.512
active,4,102250.998
active,2,102315.148
active,3,102360.861
active,4,102431.013
active,5,102431.383
active,0,102480.963
active,4,102618.408
active,2,102671.279
active,0,102780.761
active,3,102780.974
active,1,102780.986
active,1,102840.674
active,5,102850.781
active,5,102911.333
active,2,102914.512
active,7,102914.84
active,1,102960.909
active,2,103030.84
active,4,103091.206
active,3,103204.006
active,6,103205.398
active,8,103206.737
active,9,103210.03
active,4,103218.08
active,0,103321.104
active,1,103440.98
active,5,103450.973
active,9,103511.304
active,7,103517.26
active,2,103691.044
active,2,103750.687
active,8,103807.317
active,9,103809.389
active,3,103920.948
active,1,103920.956
active,0,103980.616
active,3,103980.618
active,5,104110.942
active,3,104220.992
active,1,104220.999
active,5,104231.093
active,0,104281.005
active,1,104340.722
active,0,104340.79
active,4,104350.849
active,1,104460.951
active,3,104460.958
active,2,104530.471
active,5,104530.864
active,4,104530.989
active,0,104580.871
active,5,104591.157
active,6,104705.483
active,5,104710.785
active,1,106218.279
active,6,106227.291
active,6,106505.287
active,8,106507.005
active,2,106570.991
active,5,106631.4
active,4,106750.828
active,2,106750.83
active,8,106808.569
active,0,106921.045
active,2,106930.772
active,4,106931.208
active,0,106981.02
active,5,106991.144
active,5,107111.116
active,9,107112.152
active,4,107119.048
active,3,107160.93
active,3,107220.643
active,5,107230.791
active,2,107290.523
active,4,107290.852
active,1,107340.989
active,4,107351.171
active,5,107411.429
active,7,107414.91
active,3,107520.95
active,1,107581.077
active,2,107591.063
active,1,107640.644
active,5,107650.938
active,5,107711.082
active,1,107760.813
active,5,107771.421
active,5,107830.799
active,1,107940.713
active,5,107951.01
active,0,108000.788
active,1,108007.45
active,5,108014.834
active,5,108070.852
active,3,108120.777
active,4,108130.662
active,2,108131.208
active,5,108190.812
active,2,108251.177
active,3,108305.11
active,9,108308.327
active,2,108315.018
active,2,108371.298
active,5,108431.221
active,2,108431.223
active,3,108481.074
active,0,108540.584
active,6,108605.517
active,3,108720.655
active,0,108721.133
active,4,108731.366
active,3,108780.665
active,0,108901.179
active,3,108905.204
active,2,108916.503
active,4,108918.529
active,4,108971.113
active,3,109021.042
active,0,109081.09
active,4,109090.782
active,3,109140.983
active,2,109215.184
active,5,109271.365
active,2,109330.594
active,3,109381.039
active,1,109440.72
active,4,109690.591
active,5,109690.849
active,1,109741.172
active,5,109870.746
active,2,109991.263
active,2,110115.381
active,1,110160.634
active,0,110160.974
active,3,110160.976
active,3,110220.987
active,4,110231.0
active,0,110280.652
active,3,110281.064
active,5,110351.008
active,4,110351.318
active,4,110417.298
active,3,110460.624
active,0,110580.685
active,1,110581.01
active,3,110640.662
active,1,110640.88
active,4,110651.316
active,1,110704.684
active,5,110712.064
active,3,110761.193
active,5,110770.762
active,0,110820.925
active,2,110831.09
active,3,110940.472
active,5,111071.211
active,0,111120.826
active,5,111130.992
active,0,111180.636
active,0,111240.535
active,2,111251.063
active,1,111300.478
active,3,111421.038
active,0,111540.876
active,1,111540.949
active,2,111621.417
active,4,111629.81
active,4,111670.597
active,5,111671.116
active,1,111720.61
active,5,111791.304
active,5,111850.732
active,2,111851.355
active,7,111914.879
active,4,111919.058
active,1,112020.971
active,4,112031.152
active,1,112080.54
active,2,112091.106
active,3,112205.151
active,6,112205.55
active,8,112207.27
active,9,112210.492
active,5,112270.735
active,2,112331.004
active,3,112440.99
active,4,112450.919
active,8,112508.739
active,5,112511.24
active,2,112516.372
active,0,112561.013
active,5,112631.187
active,5,112750.752
active,0,112860.964
active,3,112920.56
active,0,112920.817
active,2,112931.267
active,5,112991.194
active,0,113040.846
active,0,113101.087
active,5,113111.119
active,4,113117.27
active,3,113281.021
active,2,113290.853
active,0,113401.255
active,5,113411.378
active,4,113420.276
active,0,113460.952
active,4,113470.927
active,5,113471.039
active,0,113520.984
active,3,113580.624
active,5,113711.627
active,9,113711.633
active,4,113718.936
active,5,113770.635
active,4,113770.901
active,3,113821.024
active,4,113830.982
active,2,113890.744
active,4,113890.97
active,5,113891.086
active,0,113940.963
active,1,113941.144
active,5,113950.648
active,0,114000.568
active,1,114000.825
active,6,114005.112
active,0,114060.748
active,1,114060.992
active,1,114120.917
active,2,114131.137
active,2,114190.474
active,1,114240.853
active,3,114305.826
active,4,114318.674
active,0,114420.992
active,5,114431.311
active,3,114480.824
active,0,114601.046
active,3,114604.699
active,8,114607.64
active,5,114611.281
active,4,114671.181
active,5,114731.251
active,9,114909.908
active,5,114911.526
active,0,115080.935
active,5,115151.188
active,3,115260.695
active,2,115570.962
active,4,115630.69
active,3,115681.015
active,3,115740.942
active,8,115807.69
active,2,115814.869
active,7,115815.159
active,4,115870.691
active,2,115930.724
active,3,115980.967
active,0,116040.993
active,2,116051.229
active,8,116108.818
active,4,116170.732
active,1,116221.099
active,4,116230.648
active,5,116231.2
active,7,116415.08
active,0,116580.641
active,0,116640.704
active,7,116714.86
active,4,116770.745
active,4,117019.97
active,0,117060.593
active,1,117180.78
active,0,117181.065
active,4,117190.892
active,6,117306.537
active,3,117308.311
active,8,117309.468
active,3,117360.672
active,5,117371.248
active,2,117491.171
active,3,117540.485
active,6,117605.117
active,9,117609.669
active,3,117720.748
active,2,117730.987
active,0,117780.931
active,4,117790.911
active,0,117840.763
active,2,117851.14
active,4,117919.078
active,2,118090.532
active,1,118140.891
active,2,118151.301
active,8,118206.248
active,0,118260.936
active,1,118440.52
active,2,118451.105
active,1,118501.194
active,1,118560.459
active,3,118740.623
active,0,118740.99
active,5,118750.805
active,2,118751.194
active,0,118800.925
active,9,118819.953
active,7,118824.317
active,4,118829.832
active,3,119040.711
active,0,119040.956
active,4,119051.194
active,0,119101.166
active,2,119231.106
active,2,119414.948
active,7,119415.221
active,4,119470.84
active,4,119530.946
active,3,119580.844
active,1,119580.846
active,5,119650.689
active,8,119708.767
active,0,119760.691
active,5,119771.441
active,4,119830.941
active,2,119890.835
active,5,119950.986
active,9,120009.957
active,1,120061.026
active,5,120070.775
active,2,120071.137
active,1,120121.077
active,0,120300.642
active,8,120307.918
active,9,120310.75
active,3,120360.705
active,3,120480.942
active,0,120480.946
active,5,120490.82
active,0,120540.987
active,0,120720.655
active,3,120720.849
active,4,120731.108
active,3,120780.989
active,1,120960.671
active,0,120961.132
active,3,120961.135
active,5,121030.738
active,3,121081.108
active,3,121140.643
active,0,121141.04
active,2,121151.153
active,8,121209.731
active,0,121501.201
active,9,121512.452
active,2,121516.633
active,5,121571.119
active,1,121741.118
active,8,121807.28
active,0,121861.035
active,0,121921.018
active,2,121990.82
active,5,121990.82
active,2,122114.582
active,0,122161.076
active,3,122161.166
active,3,122220.679
active,5,122230.913
active,2,122231.359
active,4,122231.361
active,2,122350.919
active,5,122351.271
active,5,122415.93
active,8,122420.091
active,3,122461.056
active,5,122470.845
active,1,122520.711
active,4,122590.633
active,4,122650.844
active,1,122701.248
active,0,122881.029
active,5,122891.148
active,9,123010.225
active,5,123011.225
active,1,123180.982
active,0,123241.135
active,1,123304.077
active,2,123316.695
active,1,123420.833
active,4,123430.796
active,3,123480.601
active,1,123480.931
active,5,123490.617
active,2,123491.198
active,4,123551.049
active,9,123610.58
active,4,123617.159
active,0,123720.85
active,1,123720.914
active,5,123730.614
active,2,123791.155
active,0,123900.54
active,2,123914.442
active,3,124020.996
active,3,124080.94
active,1,124080.994
active,0,124141.088
active,3,124321.147
active,5,124330.805
active,2,124391.12
active,1,124500.69
active,8,124508.71
active,9,124511.751
active,1,124620.997
active,5,124630.525
active,2,124631.046
active,0,124681.026
active,4,124691.168
active,6,124807.421
active,8,124808.741
active,0,124860.493
active,1,124920.614
active,0,125040.636
active,6,125107.398
active,8,125108.55
active,0,125160.992
active,3,125160.997
active,0,125220.746
active,3,125221.153
active,2,125230.792
active,1,125340.55
active,0,125340.806
active,3,125340.996
active,4,125350.887
active,2,125351.094
active,1,125401.215
active,4,125471.388
active,0,125521.056
active,1,125580.628
active,2,125591.398
active,4,125591.401
active,2,125650.884
active,1,125701.153
active,2,125770.985
active,3,125820.604
active,4,125831.13
active,3,125880.524
active,1,125880.915
active,4,125890.909
active,3,125941.051
active,6,126019.708
active,5,126130.589
active,4,126130.809
active,2,126314.543
active,4,126370.762
active,1,126421.115
active,0,126540.612
active,1,126601.287
active,5,126670.914
active,1,126720.602
active,0,126720.823
active,4,126731.365
active,0,126781.089
active,0,126961.06
active,4,127031.154
active,2,127150.951
active,5,127151.336
active,0,127201.134
active,6,127205.519
active,3,127260.586
active,0,127260.965
active,4,127270.638
active,2,127331.218
active,2,127390.895
active,5,127391.232
active,3,127441.114
active,5,127451.282
active,2,127451.297
active,8,127507.082
active,4,127519.658
active,5,127571.152
active,3,127620.957
active,0,127621.002
active,5,127630.637
active,5,127691.319
active,0,127801.231
active,1,127804.442
active,4,127821.881
active,5,127871.139
active,5,127930.644
active,4,127990.922
active,1,128040.429
active,0,128040.873
active,2,128051.286
active,1,128100.694
active,6,128105.158
active,2,128114.292
active,0,128220.635
active,2,128231.188
active,2,128290.881
active,0,128340.616
active,5,128411.762
active,3,128461.078
active,0,128520.965
active,5,128531.221
active,2,128531.223
active,0,128580.752
active,3,128580.853
active,1,128581.015
active,1,128640.562
active,9,128713.63
active,5,128830.944
active,3,128880.997
active,0,128881.0
active,5,129011.344
active,7,129015.121
active,1,129120.602
active,2,129191.083
active,3,129240.969
active,2,129251.258
active,5,129310.812
active,2,129314.849
active,4,129371.169
active,2,129371.177
active,2,129430.726
active,1,129481.038
active,0,129780.853
active,2,129791.154
active,3,129904.508
active,3,129961.087
active,4,129971.084
active,2,130031.217
active,0,130080.964
active,0,130140.892
active,1,130141.042
active,4,130150.664
active,1,130260.945
active,3,130261.081
active,2,130271.374
active,5,130271.379
active,2,130330.614
active,0,130500.55
active,4,130521.238
active,3,130560.946
active,3,130621.02
active,2,130630.552
active,3,130681.025
active,6,130805.039
active,5,130811.471
active,9,130812.08
active,2,130870.801
active,2,130931.134
active,5,130990.833
active,2,130991.096
active,3,131040.98
active,0,131100.678
active,2,131113.95
active,1,131280.534
active,0,131280.91
active,4,131351.003
active,5,131470.992
active,0,131580.802
active,2,131590.816
active,3,131704.741
active,6,131705.151
active,2,131714.883
active,1,131820.911
active,4,131830.946
active,5,131831.172
active,0,131941.004
active,4,131951.195
active,1,132000.756
active,5,132010.925
active,2,132070.546
active,4,132071.062
active,0,132301.296
active,5,132311.403
active,1,132540.871
active,4,132550.692
active,5,132611.039
active,3,132660.766
active,1,132840.751
active,4,132850.659
active,5,132851.116
active,6,132905.427
active,9,132910.401
active,4,132919.807
active,5,133090.616
active,7,133228.878
active,9,133232.668
active,4,133241.183
active,1,133380.85
active,5,133390.853
active,3,133440.777
active,0,133441.03
active,5,133451.182
active,4,133525.369
active,2,133630.825
active,0,133681.096
active,5,133750.934
active,1,133801.06
active,4,133824.929
active,3,133860.981
active,1,133920.7
active,3,133980.522
active,5,133990.85
active,2,134050.492
active,0,134160.635
active,0,134220.768
active,3,134221.129
active,2,134230.741
active,0,134340.738
active,3,134340.984
active,2,134351.097
active,4,134351.39
active,1,134401.118
active,2,134414.612
active,1,134521.078
active,5,134591.325
active,5,134651.096
active,3,134704.441
active,5,134831.178
active,2,134831.224
active,4,134831.427
active,5,134891.244
active,0,135001.142
active,3,135014.63
active,2,135026.056
active,1,135060.6
active,0,135120.714
active,1,135181.063
active,3,135480.48
active,1,135540.558
active,0,135600.91
active,1,135604.627
active,3,135661.16
active,5,135730.892
active,3,135781.274
active,4,135803.478
active,3,135841.047
active,0,135841.253
active,5,135917.521
active,4,135940.207
active,3,135964.101
active,5,136091.035
active,1,136140.937
active,5,136151.115
active,3,136210.172
active,3,136260.891
active,2,136273.911
active,0,136380.854
active,1,136440.568
active,3,136510.574
active,0,136561.22
active,4,136577.718
active,0,136680.615
active,5,136690.576
active,4,136697.199
active,1,136740.513
active,5,136751.121
active,1,136827.597
active,5,136831.357
active,8,136860.461
active,2,136934.032
active,0,136980.959
active,2,136994.47
active,3,137041.351
active,2,137053.819
active,0,137101.335
active,1,137105.163
active,7,137121.906
active,4,137129.298
active,0,137161.0
active,2,137234.212
active,3,137281.12
active,0,137401.016
active,4,137474.853
active,3,137641.134
active,3,137715.123
active,9,137729.893
active,1,137821.0
active,0,137821.348
active,1,137880.788
active,2,137954.399
active,9,138019.149
active,7,138022.918
active,0,138060.863
active,3,138061.036
active,4,138075.061
active,3,138181.235
active,1,138241.035
active,4,138328.971
active,1,138541.133
active,3,138615.852
active,7,138633.292
active,9,138633.96
active,1,138660.718
active,0,138660.72
active,2,138676.734
active,4,138735.143
active,1,138781.19
active,1,138841.304
active,2,138920.354
active,2,139033.819
active,2,139153.976
active,0,139201.09
active,0,139321.326
active,7,139526.051
active,1,139560.692
active,5,139571.087
active,3,139621.265
active,2,139635.617
active,4,139694.863
active,5,139751.23
active,5,139814.173
active,2,139821.911
active,0,139861.019
active,2,139873.796
active,1,139920.567
active,0,139920.931
active,3,139921.084
active,4,139934.53
active,5,140051.155
active,1,140161.089
active,3,140221.285
active,5,140290.996
active,0,140340.766
active,3,140491.891
active,2,140534.713
active,0,140580.717
active,2,140593.671
active,4,140728.921
active,3,140761.27
active,2,140834.048
active,5,140891.224
active,4,140895.042
active,0,141000.551
active,6,141012.64
active,3,141060.963
active,4,141074.648
active,0,141120.462
active,5,141131.193
active,2,141134.356
active,2,141194.196
active,7,141325.945
active,1,141480.709
active,5,141551.127
active,1,141604.385
active,6,141612.949
active,8,141615.538
active,9,141618.648
active,1,141660.88
active,5,141670.947
active,1,141720.949
active,2,141734.58
active,4,141735.171
active,5,141790.995
active,1,141840.852
active,5,141850.793
active,0,141900.647
active,0,141961.418
active,0,142020.818
active,3,142021.145
active,4,142034.854
active,4,142094.772
active,2,142153.967
active,3,142215.392
active,5,142217.878
active,9,142234.192
active,4,142240.73
active,2,142274.246
active,1,142320.668
active,2,142334.352
active,3,142380.981
active,4,142394.784
active,4,142454.72
active,5,142813.89
active,7,142821.979
active,3,142861.316
active,3,142921.389
active,5,142990.997
active,1,143108.411
active,4,143136.551
active,1,143160.987
active,3,143221.016
active,4,143295.472
active,0,143341.295
active,0,143460.782
active,3,143461.112
active,5,143530.62
active,2,143533.836
active,5,143651.346
active,0,143760.557
active,5,143830.68
active,5,143951.045
active,0,144060.993
active,4,144084.261
active,5,144190.767
active,2,144194.013
active,5,144251.165
active,6,144312.625
active,7,144322.352
active,2,144373.737
active,3,144421.249
active,1,144481.221
active,3,144541.196
active,0,144600.888
active,3,144610.36
active,8,144615.669
active,4,144734.793
active,2,144854.13
active,7,144925.645
active,4,145034.871
active,3,145141.154
active,5,145213.987
active,0,145261.022
active,2,145274.198
active,1,145321.059
active,4,145334.694
active,0,145380.569
active,5,145513.979
active,4,145526.988
active,7,145527.46
active,0,145560.542
active,2,145574.282
active,1,145620.525
active,5,145631.178
active,4,145634.449
active,3,145681.249
active,5,145751.295
active,4,145838.501
active,3,145864.191
active,3,145921.207
active,1,146104.659
active,5,146113.924
active,8,146114.909
active,9,146118.007
active,3,146160.709
active,4,146174.896
active,4,146235.076
active,3,146341.394
active,5,146350.638
active,1,146405.658
active,2,146474.666
active,2,146533.634
active,2,146593.924
active,3,146713.999
active,6,146717.307
active,8,146722.088
active,4,146736.07
active,1,146760.684
active,0,146760.687
active,2,146894.42
active,5,146951.058
active,1,147005.577
active,6,147014.371
active,8,147023.053
active,2,147134.139
active,5,147250.686
active,2,147253.761
active,5,147314.021
active,8,147315.629
active,0,147360.732
active,5,147370.703
active,2,147434.221
active,1,147480.89
active,2,147554.113
active,2,147636.719
active,9,147642.681
active,5,147670.877
active,4,147735.055
active,2,147793.666
active,6,147915.0
active,8,147919.38
active,9,147922.975
active,0,147960.605
active,3,148021.184
active,1,148140.496
active,0,148140.807
active,4,148154.839
active,3,148261.164
active,3,148321.099
active,1,148380.933
active,0,148441.205
active,7,148527.983
active,0,148561.039
active,4,148576.899
active,5,148691.188
active,4,148755.059
active,3,148809.718
active,0,148860.934
active,1,148920.868
active,3,148921.054
active,2,148993.998
active,7,149123.477
active,0,149160.971
active,2,149173.881
active,1,149220.786
active,2,149234.302
active,1,149341.251
active,8,149424.749
active,4,149535.17
active,7,149720.139
active,1,149820.542
active,3,149820.89
active,0,150000.551
active,5,150071.075
active,0,150121.287
active,3,150181.379
active,2,150194.011
active,4,150254.843
active,3,150364.1
active,5,150431.272
active,0,150601.377
active,8,150615.493
active,0,150660.507
active,5,150671.011
active,4,150795.175
active,4,150928.639
active,5,150971.238
active,5,151030.77
active,4,151034.726
active,0,151080.787
active,4,151154.243
active,0,151260.644
active,3,151264.063
active,0,151320.558
active,3,151320.937
active,1,151321.078
active,4,151334.964
active,1,151380.545
active,3,151381.075
active,6,151515.359
active,0,151620.827
active,3,151621.255
active,4,151694.534
active,5,151751.322
active,6,151813.297
active,7,151822.061
active,0,151920.757
active,4,151934.484
active,1,151981.107
active,4,151994.642
active,0,152100.922
active,6,152120.766
active,4,152138.551
active,3,152164.24
active,4,152354.536
active,0,152400.835
active,1,152405.26
active,9,152418.357
active,0,152520.649
active,3,152584.859
active,2,152593.677
active,5,152713.775
active,2,152719.671
active,7,152721.868
active,1,152761.063
active,0,152820.679
active,4,152834.843
active,0,152940.492
active,1,152940.952
active,4,152954.378
active,5,153017.24
active,1,153061.001
active,0,153061.003
active,0,153120.925
active,1,153240.98
active,2,153253.842
active,1,153304.727
active,2,153319.913
active,5,153370.813
active,2,153373.962
active,1,153540.656
active,3,153541.23
active,2,153619.594
active,2,153733.812
active,2,153794.028
active,4,153794.901
active,0,153840.663
active,5,153917.204
active,2,153974.665
active,1,154020.945
active,3,154021.39
active,1,154140.576
active,3,154141.186
active,0,154200.984
active,6,154213.794
active,7,154222.844
active,5,154271.08
active,2,154273.882
active,4,154274.887
active,3,154321.333
active,1,154441.083
active,1,154560.618
active,2,154574.699
active,5,154631.011
active,2,154633.991
active,1,154680.927
active,0,154681.009
active,3,154681.184
active,2,154836.961
active,4,154851.551
active,5,154871.092
active,2,154878.261
active,3,154924.3
active,2,154935.149
active,4,154936.913
active,5,154990.98
active,4,154997.568
active,0,155040.48
active,1,155106.961
active,5,155114.251
active,6,155115.961
active,5,155170.596
active,2,155174.682
active,4,155176.711
active,5,155291.554
active,1,155340.78
active,3,155343.917
active,5,155350.989
active,6,155415.811
active,7,155425.722
active,1,155460.72
active,4,155476.941
active,5,155531.166
active,4,155536.669
active,1,155580.778
active,5,155591.252
active,1,155640.947
active,3,155644.28
active,8,155724.379
active,9,155729.567
active,4,155784.11
active,4,155836.937
active,0,155880.765
active,1,155880.768
active,0,156001.048
active,9,156021.371
active,2,156024.718
active,5,156070.935
active,2,156074.737
active,0,156120.916
active,3,156124.349
active,5,156191.558
active,2,156195.436
active,3,156244.091
active,2,156255.115
active,0,156301.278
active,5,156315.43
active,6,156315.781
active,8,156319.649
active,9,156323.292
active,1,156421.115
active,5,156430.751
active,4,156437.099
active,1,156480.946
active,2,156494.591
active,4,156497.044
active,0,156540.55
active,1,156540.802
active,1,156614.155
active,5,156618.81
active,3,156663.862
active,2,156676.543
active,5,156731.441
active,1,156841.118
active,3,156844.48
active,4,156857.266
active,3,156911.669
active,8,156916.669
active,9,156920.151
active,2,156923.933
active,7,156924.25
active,5,157030.552
active,3,157084.439
active,4,157097.322
active,9,157222.772
active,4,157229.67
active,1,157380.71
active,4,157396.992
active,0,157441.148
active,0,157500.58
active,8,157540.017
active,1,157565.67
active,4,157636.75
active,2,157694.241
active,7,157829.42
active,7,158134.143
active,9,158137.982
active,5,158170.752
active,5,158291.397
active,4,158303.61
active,0,158460.7
active,2,158470.559
active,0,158640.642
active,1,158641.012
active,7,158724.151
active,1,158760.803
active,0,158761.182
active,3,158940.57
active,0,158940.872
active,5,158951.182
active,0,159000.862
active,6,159011.898
active,5,159071.325
active,4,159191.375
active,1,159241.046
active,5,159251.279
active,3,159361.003
active,1,159420.594
active,1,159540.835
active,0,159721.18
active,4,159791.231
active,1,159840.754
active,2,159850.995
active,5,159851.352
active,4,159851.424
active,8,159912.246
active,2,159914.71
active,1,159960.976
active,3,159960.979
active,5,159970.834
active,3,160021.245
active,2,160030.659
active,2,160090.938
active,4,160091.306
active,1,160140.728
active,0,160200.624
active,1,160203.836
active,6,160212.733
active,9,160217.754
active,7,160218.492
active,4,160226.86
active,1,160260.49
active,5,160270.961
active,4,160272.195
active,1,160381.218
active,0,160381.23
active,0,160441.008
active,7,160517.909
active,4,160571.346
active,0,160620.872
active,5,160631.077
active,0,160681.106
active,1,160801.289
active,6,160807.489
active,5,160811.329
active,4,160823.79
active,1,160860.952
active,5,160870.854
active,2,160871.529
active,4,160871.536
active,0,161041.235
active,1,161104.507
active,3,161107.093
active,5,161114.641
active,8,161114.648
active,4,161125.07
active,2,161290.742
active,9,161415.05
active,0,161461.101
active,5,161470.644
active,5,161531.271
active,2,161531.285
active,8,161707.949
active,5,161710.705
active,9,161712.248
active,2,161714.993
active,1,161760.599
active,0,161760.881
active,0,161941.005
active,2,161950.846
active,0,162001.274
active,2,162026.167
active,5,162071.316
active,0,162120.985
active,4,162191.539
active,1,162240.767
active,3,162240.954
active,2,162251.166
active,0,162300.781
active,1,162301.4
active,5,162311.032
active,4,162324.359
active,0,162420.951
active,1,162480.709
active,2,162490.576
active,1,162540.827
active,0,162601.127
active,1,162601.231
active,1,162721.011
active,0,162780.735
active,2,162790.892
active,5,162914.115
active,2,162919.771
active,0,162961.256
active,3,163020.495
active,4,163031.274
active,0,163141.07
active,5,163150.743
active,5,163210.883
active,1,163260.879
active,3,163320.919
active,2,163330.668
active,1,163380.526
active,3,163440.679
active,0,163500.866
active,1,163501.066
active,2,163571.034
active,2,163631.025
active,1,163740.996
active,6,163812.167
active,8,163812.599
active,5,163813.874
active,9,163815.421
active,1,163860.682
active,3,163860.689
active,2,163871.43
active,4,163871.484
active,2,163930.568
active,4,164051.414
active,0,164100.682
active,6,164107.297
active,7,164116.74
active,5,164230.594
active,2,164231.396
active,4,164231.402
active,5,164290.928
active,3,164340.904
active,4,164351.361
active,0,164400.456
active,9,164414.936
active,1,164521.055
active,2,164530.854
active,1,164581.032
active,5,164650.504
active,0,164700.507
active,7,164718.203
active,4,164723.659
active,2,164771.466
active,3,164880.94
active,1,164881.169
active,2,164890.793
active,4,164891.288
active,0,165061.194
active,1,165120.668
active,4,165131.203
active,3,165241.015
active,0,165241.018
active,3,165304.596
active,2,165314.863
active,5,165371.05
active,1,165420.713
active,3,165480.634
active,5,165490.788
active,0,165600.913
active,3,165613.338
active,1,165660.601
active,4,165731.583
active,5,165731.586
active,3,165780.509
active,5,165790.774
active,2,165851.358
active,4,165851.587
active,3,165904.151
active,8,165911.803
active,4,165924.568
active,0,166080.946
active,7,166217.034
active,0,166260.963
active,1,166380.874
active,3,166380.876
active,0,166381.083
active,4,166394.047
active,0,166440.894
active,0,166500.985
active,1,166504.049
active,5,166514.243
active,4,166524.439
active,1,166620.857
active,2,166630.951
active,6,166807.259
active,9,166814.42
active,7,166817.158
active,0,166860.869
active,0,166980.675
active,5,166991.358
active,0,167040.946
active,6,167107.707
active,4,167123.029
active,2,167231.169
active,1,167341.221
active,5,167351.318
active,8,167411.401
active,9,167415.266
active,2,167417.874
active,4,167531.438
active,6,167707.187
active,2,167715.561
active,0,167880.431
active,3,167940.69
active,0,167940.841
active,4,167951.109
active,4,168022.97
active,1,168181.13
active,0,168300.702
active,3,168306.459
active,6,168309.271
active,4,168323.632
active,0,168360.677
active,3,168420.996
active,0,168540.904
active,5,168551.094
active,0,168600.985
active,9,168615.117
active,7,168617.273
active,0,168661.138
active,4,168671.464
active,5,168731.645
active,5,168790.91
active,2,168791.338
active,4,168923.85
active,5,168970.868
active,0,169081.084
active,0,169140.966
active,2,169150.613
active,1,169210.284
active,6,169220.362
active,1,169260.957
active,3,169320.837
active,0,169381.103
active,0,169440.7
active,5,169451.205
active,1,169501.155
active,3,169504.392
active,1,169680.58
active,3,169680.923
active,5,169690.818
active,4,169751.444
active,1,169801.306
active,6,169807.866
active,2,169815.674
active,3,169920.987
active,0,169980.504
active,3,169980.945
active,5,169991.112
active,1,170041.035
active,1,170105.137
active,4,170231.458
active,0,170280.51
active,5,170351.416
active,2,170416.31
active,1,170460.751
active,2,170531.311
active,3,170640.742
active,0,170700.661
active,3,170881.156
active,0,170940.791
active,5,170950.746
active,2,170951.19
active,4,170953.652
active,1,171004.732
active,3,171006.148
active,5,171014.851
active,7,171018.389
active,4,171023.849
active,5,171071.242
active,0,171120.733
active,5,171191.173
active,1,171241.113
active,5,171311.028
active,2,171370.618
active,5,171371.014
active,1,171421.183
active,4,171491.28
active,2,171550.678
active,5,171610.709
active,4,171671.332
active,1,171720.969
active,1,171781.177
active,3,171781.187
active,5,171791.245
active,3,171840.561
active,1,171841.018
active,8,171912.251
active,3,172021.078
active,2,172091.421
active,2,172151.437
active,3,172260.516
active,1,172260.906
active,1,172320.631
active,0,172321.027
active,0,172381.078
active,3,172381.338
active,2,172391.132
active,3,172440.621
active,1,172441.093
active,2,172450.816
active,4,172451.286
active,3,172504.87
active,6,172507.869
active,8,172511.77
active,1,172560.602
active,0,172620.668
active,3,172680.918
active,1,172810.251
active,2,172825.686
active,0,172860.493
active,1,172860.686
active,4,172871.216
active,4,172930.841
active,2,172930.844
active,3,173040.898
active,0,173040.906
active,1,173101.381
active,1,173220.984
active,5,173230.646
active,0,173281.067
active,2,173531.098
active,4,173590.684
active,4,173650.618
active,2,173650.942
active,5,173711.591
active,9,173711.681
active,2,173770.596
active,4,173771.073
active,2,173830.951
active,0,173880.918
active,2,174014.669
active,7,174015.513
active,1,174240.806
active,2,174251.172
active,2,174314.266
active,7,174314.88
active,3,174540.747
active,3,174720.934
active,1,174720.936
active,4,174730.951
active,0,174840.919
active,5,174851.208
active,8,174906.729
active,9,174909.747
active,5,174971.027
active,4,175030.788
active,2,175091.224
active,0,175140.852
active,0,175200.9
active,6,175205.29
active,1,175261.075
active,5,175330.861
active,4,175390.958
active,2,175391.281
active,2,175450.525
active,1,175505.235
active,8,175508.969
active,2,175631.257
active,5,175751.294
active,5,175811.429
active,7,175814.742
active,1,175980.721
active,3,176041.131
active,4,176051.041
active,0,176101.311
active,1,176160.546
active,0,176160.861
active,1,176220.899
active,4,176231.146
active,2,176231.148
active,2,176290.636
active,5,176415.234
active,6,176419.169
active,2,176422.454
active,7,176423.849
active,3,176460.8
active,5,176470.903
active,0,176520.879
active,1,176640.743
active,3,176641.156
active,2,176770.584
active,4,176770.928
active,5,176771.037
active,5,176830.66
active,9,177009.45
active,3,177060.985
active,4,177070.846
active,3,177121.143
active,4,177131.147
active,5,177131.218
active,0,177240.615
active,2,177250.618
active,8,177308.902
active,2,177316.408
active,4,177319.863
active,1,177360.62
active,0,177420.789
active,5,177431.489
active,1,177540.571
active,6,177606.938
active,5,177611.577
active,9,177611.952
active,4,177619.641
active,0,177720.705
active,1,177780.641
active,0,177900.723
active,6,177905.971
active,2,177970.582
active,5,177971.419
active,0,178020.961
active,4,178030.918
active,2,178091.156
active,3,178140.845
active,2,178150.626
active,6,178208.87
active,4,178221.166
active,0,178260.905
active,3,178320.917
active,4,178331.327
active,6,178505.121
active,5,178511.341
active,7,178514.899
active,3,178621.109
active,3,178680.58
active,3,178804.627
active,8,178807.428
active,3,178981.151
active,5,178991.375
active,0,179100.719
active,1,179103.738
active,5,179111.697
active,9,179112.021
active,0,179161.061
active,1,179161.064
active,3,179280.534
active,8,179406.908
active,9,179410.371
active,3,179460.787
active,2,179531.208
active,3,179581.302
active,1,179640.754
active,3,179760.849
active,4,179771.297
active,4,179830.592
active,2,180071.195
active,0,180120.569
active,1,180120.824
active,3,180240.95
active,6,180305.115
active,4,180370.771
active,2,180371.122
active,2,180490.585
active,4,180551.315
active,6,180605.283
active,8,180607.249
active,2,180671.188
active,3,180720.803
active,3,180907.608
active,6,180908.235
active,1,180961.094
active,3,181080.974
active,0,181200.499
active,1,181200.972
active,5,181270.794
active,2,181331.026
active,3,181380.986
active,0,181381.216
active,4,181450.869
active,5,181511.008
active,1,181620.516
active,4,181630.77
active,1,181740.757
active,0,181741.181
active,3,181921.016
active,5,181931.221
active,1,181980.857
active,4,182050.863
active,3,182161.119
active,2,182171.278
active,5,182290.859
active,2,182291.181
active,6,182405.341
active,7,182414.769
active,0,182460.492
active,1,182520.942
active,3,182520.944
active,3,182640.838
active,6,182707.951
active,2,182716.581
active,0,182761.019
active,2,182771.125
active,1,182821.032
active,0,182880.58
active,5,183011.595
active,4,183070.765
active,3,183120.814
active,5,183131.124
active,0,183180.954
active,1,183240.713
active,1,183301.491
active,0,183360.914
active,3,183480.977
active,2,183490.513
active,3,183609.723
active,1,183721.075
active,3,183781.144
active,1,183901.136
active,6,183905.251
active,8,183907.432
active,5,183911.111
active,1,184081.109
active,5,184091.192
active,4,184150.627
active,6,184205.15
active,4,184218.569
active,1,184380.965
active,3,184380.968
active,2,184390.809
active,5,184391.158
active,4,184391.159
active,3,184441.042
active,4,184451.164
active,6,184507.06
active,5,184511.335
active,5,184570.934
active,2,184630.779
active,5,184630.782
active,0,184680.697
active,2,184690.856
active,0,184800.729
active,3,184860.924
active,1,184921.001
active,4,185050.894
active,5,185110.911
active,2,185115.324
active,7,185115.582
active,2,185171.24
active,5,185231.047
active,3,185280.98
active,2,185291.283
active,1,185340.578
active,0,185340.92
active,4,185350.924
active,0,185400.764
active,4,185420.131
active,3,185461.001
active,3,185580.745
active,1,185581.029
active,0,185640.894
active,0,185701.01
active,5,185711.408
active,2,185714.239
active,4,185717.485
active,3,185760.72
active,1,185881.179
active,3,186004.353
active,8,186007.157
active,9,186008.732
active,5,186071.026
active,0,186180.529
active,2,186251.14
active,1,186304.367
active,0,186480.541
active,1,186480.868
active,0,186540.84
active,2,186550.844
active,2,186614.344
active,4,186618.08
active,1,186661.174
active,1,186720.809
active,1,186780.75
active,4,186970.901
active,4,187091.015
active,8,187220.312
active,9,187221.017
active,1,187260.478
active,0,187260.656
active,3,187320.678
active,1,187321.131
active,2,187331.17
active,4,187331.28
active,4,187451.296
active,5,187511.573
active,2,187514.399
active,4,187631.098
active,2,187631.161
active,1,187741.173
active,4,187750.918
active,3,187804.898
active,7,187814.872
active,3,187921.064
active,3,187981.055
active,1,188104.166
active,6,188108.132
active,8,188108.568
active,0,188161.127
active,2,188171.305
active,1,188280.634
active,5,188290.699
active,2,188351.046
active,6,188405.449
active,9,188408.309
active,2,188414.464
active,4,188470.57
active,5,188471.15
active,4,188530.555
active,1,188580.851
active,2,188591.297
active,4,188650.627
active,5,188650.927
active,6,188705.41
active,1,188760.565
active,1,188821.064
active,1,188880.695
active,1,188941.017
active,0,189000.771
active,1,189004.164
active,0,189480.613
active,2,189490.98
active,5,189491.32
active,1,189540.808
active,1,189600.662
active,3,189604.7
active,1,189780.983
active,3,189781.013
active,5,189790.769
active,4,189790.775
active,5,190031.32
active,1,190320.848
active,4,190330.893
active,5,190331.267
active,2,190451.265
active,8,190507.001
active,2,190514.312
active,4,190630.903
active,5,190631.267
active,0,190680.928
active,4,190691.113
active,2,190691.5
active,0,190800.81
active,0,190980.59
active,0,191101.079
active,9,191109.278
active,0,191160.579
active,3,191160.653
active,3,191403.506
active,3,191520.757
active,0,191580.77
active,4,191650.694
active,5,191650.988
active,9,191711.942
active,2,191716.08
active,1,191760.674
active,0,191760.957
active,5,191770.653
active,4,191770.993
active,5,191831.312
active,0,191940.686
active,0,192000.824
active,5,192011.025
active,2,192014.76
active,4,192070.917
active,1,192120.663
active,0,192120.961
active,5,192251.252
active,8,192306.59
active,0,192360.577
active,1,192420.705
active,5,192430.998
active,2,192431.203
active,4,192551.264
active,5,192611.851
active,7,192617.071
active,0,192660.675
active,1,192661.145
active,2,192671.33
active,5,192731.217
active,1,192780.509
active,5,192851.345
active,2,192913.851
active,4,192919.359
active,3,192960.539
active,4,193031.165
active,2,193150.828
active,1,193200.923
active,6,193205.081
active,3,193260.946
active,4,193271.645
active,4,193391.087
active,9,193512.195
active,0,193560.861
active,1,193620.775
active,2,193631.123
active,3,193681.131
active,0,193741.001
active,9,193810.141
active,2,193814.752
active,4,193818.878
active,3,193921.106
active,4,194051.12
active,7,194114.99
active,5,194171.231
active,0,194281.023
active,0,194400.598
active,7,194421.99
active,3,194460.751
active,4,194530.979
active,1,194640.542
active,3,194640.893
active,5,194650.872
active,0,194761.108
active,2,194771.212
active,1,194820.956
active,0,194821.033
active,5,194891.121
active,0,194940.878
active,5,194950.981
active,8,195007.862
active,2,195014.171
active,4,195018.213
active,3,195061.029
active,3,195120.802
active,0,195180.788
active,3,195241.084
active,1,195304.409
active,3,195305.157
active,6,195308.473
active,7,195317.27
active,1,195361.113
active,3,195420.489
active,0,195421.018
active,0,195480.74
active,5,195490.902
active,0,195661.104
active,3,195720.873
active,1,195720.88
active,5,195730.851
active,2,195790.732
active,4,195791.123
active,0,195840.48
active,5,195850.607
active,2,195851.072
active,5,195911.147
active,7,195915.12
active,4,195916.553
active,0,195960.979
active,3,195961.005
active,1,196020.883
active,2,196031.158
active,5,196090.962
active,0,196140.559
active,9,196211.299
active,0,196260.591
active,4,196390.79
active,0,196441.046
active,3,196505.028
active,8,196506.361
active,3,196560.788
active,2,196691.176
active,3,196740.697
active,5,196750.611
active,0,196801.383
active,4,196870.698
active,1,196920.518
active,2,197050.974
active,5,197111.746
active,2,197170.85
active,4,197230.836
active,5,197230.839
active,3,197281.06
active,4,197350.993
active,5,197351.381
active,0,197400.851
active,8,197406.39
active,7,197414.899
active,4,197418.512
active,1,197520.89
active,3,197580.777
active,4,197591.093
active,0,197641.184
active,1,197700.892
active,0,197701.347
active,6,197707.503
active,1,197761.119
active,2,197771.021
active,2,197830.626
active,0,197881.142
active,8,198020.321
active,9,198023.412
active,2,198023.688
active,7,198024.193
active,2,198070.792
active,4,198071.246
active,3,198180.777
active,0,198300.818
active,8,198306.95
active,5,198490.786
active,3,198541.19
active,5,198551.213
active,0,198600.791
active,1,198600.793
active,4,198618.578
active,5,198670.708
active,2,198671.284
active,0,198720.757
active,1,198721.039
active,2,198730.86
active,4,198731.391
active,1,198780.847
active,2,198790.535
active,1,198840.499
active,3,198840.851
active,5,198911.706
active,1,198960.727
active,3,198960.795
active,0,198960.796
active,4,198971.321
active,4,199031.103
active,2,199031.106
active,1,199081.12
active,3,199140.53
active,0,199140.901
active,1,199140.904
active,4,199150.593
active,1,199201.28
active,3,199204.973
active,8,199208.139
active,9,199210.15
active,1,199261.099
active,2,199330.658
active,5,199331.069
active,3,199441.002
active,4,199450.887
active,3,199504.32
active,0,199620.984
active,5,199631.233
active,3,199680.91
active,0,199800.834
active,6,199808.169
active,2,199816.951
active,7,199817.254
active,1,199861.017
active,3,199921.169
active,0,199921.172
active,1,200040.534
active,4,200050.6
active,1,200100.743
active,0,200101.263
active,9,200107.977
active,1,200160.926
active,5,200170.864
active,5,200231.312
active,2,200290.66
active,5,200290.992
active,1,200340.552
active,1,200400.876
active,6,200405.11
active,5,200531.246
active,3,200580.492
active,3,200707.261
active,2,200717.031
active,7,200717.36
active,2,200771.31
active,0,200820.869
active,2,200890.809
active,5,200890.877
active,4,200891.024
active,5,200950.868
active,9,201008.714
active,4,201018.69
active,1,201060.614
active,4,201130.945
active,4,201251.119
active,1,201300.494
active,3,201303.72
active,3,201360.773
active,2,201371.166
active,1,201420.854
active,3,201480.808
active,0,201540.844
active,2,201550.684
active,1,201607.699
active,4,201629.719
active,0,201721.137
active,1,201721.14
active,0,201780.652
active,4,201790.95
active,3,201904.649
active,4,201919.596
active,1,201960.729
active,1,202080.504
active,0,202201.081
active,5,202211.346
active,7,202215.129
active,1,202320.98
active,5,202331.301
active,3,202380.775
active,6,202507.69
active,5,202511.322
active,7,202517.359
active,1,202680.689
active,0,202920.666
active,2,202930.824
active,0,203040.96
active,2,203050.752
active,4,203051.086
active,6,203105.189
active,4,203118.117
active,2,203170.932
active,3,203220.85
active,0,203221.027
active,4,203231.383
active,1,203280.729
active,0,203280.996
active,5,203291.222
active,5,203350.476
active,3,203405.955
active,9,203410.586
active,4,203471.174
active,3,203520.553
active,2,203530.492
active,5,203531.039
active,3,203580.609
active,4,203591.04
active,3,203640.561
active,9,203708.576
active,7,203715.12
active,4,203718.49
active,1,203760.847
active,5,203830.973
active,2,203831.276
active,3,203940.908
active,1,204001.402
active,8,204008.025
active,9,204008.937
active,0,204120.665
active,2,204131.199
active,5,204191.02
active,2,204191.065
active,0,204240.639
active,3,204240.937
active,3,204305.451
active,8,204308.976
active,2,204316.392
active,4,204430.971
active,2,204431.398
active,4,204491.018
active,0,204540.812
active,8,204608.15
active,9,204610.142
active,7,204615.03
active,4,204619.88
active,2,204671.201
active,0,204721.226
active,5,204731.203
active,0,204780.565
active,0,204901.1
active,5,204911.025
active,4,204917.94
active,1,204960.973
active,0,205020.696
active,3,205020.923
active,1,205080.954
active,5,205091.128
active,3,205140.636
active,0,205200.951
active,8,205219.39
active,9,205222.716
active,2,205222.837
active,1,205260.904
active,4,205390.568
active,8,205507.289
active,1,205560.574
active,1,205621.184
active,0,205740.818
active,0,205801.241
active,9,205808.25
active,2,205814.571
active,2,205871.186
active,1,205980.674
active,6,206108.306
active,8,206108.543
active,0,206340.844
active,2,206351.402
active,6,206405.317
active,9,206411.126
active,1,206461.148
active,4,206530.54
active,0,206640.551
active,5,206711.109
active,2,206830.748
active,4,206831.316
active,1,206940.967
active,3,207060.784
active,2,207070.716
active,0,207120.897
active,5,207130.975
active,9,207309.55
active,4,207370.835
active,0,207420.912
active,3,207480.494
active,4,207490.774
active,5,207490.845
active,8,207607.562
active,7,207614.975
active,2,207615.385
active,3,207720.885
active,2,207851.057
active,8,207908.58
active,7,207917.169
active,0,207961.051
active,5,207970.779
active,0,208141.02
active,1,208201.157
active,0,208201.288
active,3,208204.14
active,8,208207.069
active,5,208210.661
active,2,208270.989
active,5,208271.064
active,4,208271.069
active,3,208320.769
active,1,208321.164
active,5,208331.03
active,2,208391.289
active,2,208571.264
active,1,208620.818
active,0,208621.067
active,5,208630.84
active,4,208631.074
active,3,208680.969
active,2,208690.813
active,5,208750.984
active,2,208821.379
active,3,208860.535
active,3,208980.971
active,4,208991.237
active,3,209040.865
active,5,209051.187
active,6,209105.16
active,9,209109.998
active,5,209230.635
active,4,209230.966
active,3,209404.424
active,8,209407.237
active,5,209411.131
active,2,209414.655
active,4,209470.989
active,3,209521.114
active,5,209530.513
active,2,209531.153
active,3,209580.918
active,1,209704.006
active,7,209716.89
active,2,209951.296
active,3,210004.614
active,0,210061.146
active,4,210130.657
active,1,210180.851
active,0,210241.226
active,5,210310.801
active,2,210314.761
active,0,210360.66
active,1,210360.719
active,5,210370.963
active,0,210420.862
active,5,210491.158
active,2,210551.129
active,5,210611.559
active,7,210617.417
active,1,210661.221
active,0,210721.115
active,4,210790.59
active,0,210840.593
active,3,210840.839
active,4,210850.975
active,3,210904.384
active,1,210961.086
active,5,210970.74
active,5,211031.163
active,0,211080.879
active,1,211081.106
active,0,211200.669
active,8,211208.169
active,5,211210.971
active,9,211211.614
active,3,211260.836
active,1,211260.887
active,4,211270.696
active,1,211380.718
active,0,211380.974
active,5,211390.95
active,2,211391.196
active,1,211440.954
active,1,211504.35
active,3,211505.92
active,7,211517.068
active,1,211560.984
active,5,211570.869
active,2,211631.092
active,2,211691.23
active,0,211741.004
active,2,211751.121
active,1,211801.08
active,3,211804.201
active,6,211805.409
active,5,211811.03
active,3,211860.85
active,1,211980.981
active,0,211980.988
active,8,212108.21
active,7,212115.222
active,4,212171.068
active,1,212220.924
active,5,212230.863
active,0,212280.578
active,5,212290.524
active,4,212290.924
active,2,212351.163
active,1,212408.576
active,6,212417.629
active,8,212420.572
active,9,212422.241
active,7,212426.324
active,4,212431.09
active,0,212520.779
active,1,212520.888
active,2,212530.982
active,1,212581.015
active,3,212581.146
active,7,212715.317
active,1,212760.975
active,3,212821.145
active,3,212941.027
active,4,212951.197
active,5,212951.2
active,8,213007.036
active,9,213010.13
active,3,213060.946
active,4,213071.329
active,3,213120.674
active,2,213190.921
active,3,213240.806
active,0,213240.982
active,7,213317.126
active,0,213480.492
active,3,213480.828
active,2,213550.616
active,4,213551.276
active,9,213610.202
active,1,213720.969
active,1,213780.682
active,3,213780.95
active,5,213850.563
active,6,213905.399
active,5,213911.325
active,9,213911.633
active,3,214020.938
active,2,214030.882
active,5,214090.69
active,6,214208.119
active,1,214320.604
active,4,214517.13
active,1,214560.523
active,3,214561.189
active,5,214571.046
active,1,214620.959
active,4,214631.212
active,1,214681.144
active,2,214691.295
active,5,214691.297
active,4,214751.354
active,6,214805.488
active,4,214817.898
active,3,214860.599
active,4,214870.887
active,0,214921.063
active,1,214981.012
active,3,214981.027
active,2,215116.904
active,5,215231.317
active,1,215280.742
active,2,215291.272
active,5,215351.032
active,4,215420.279
active,3,215520.52
active,5,215530.878
active,3,215580.836
active,0,215641.132
active,9,215709.367
active,4,215771.138
active,0,215821.057
active,0,215880.589
active,3,215880.791
active,5,215951.188
active,3,216015.109
active,5,216017.675
active,9,216030.727
active,4,216039.777
active,0,216120.711
active,1,216300.743
active,5,216370.78
active,3,216603.989
active,4,216617.3
active,3,216660.535
active,0,216660.9
active,2,216670.934
active,3,216840.613
active,0,216841.014
active,5,216851.169
active,7,216917.4
active,1,216960.949
active,3,216961.008
active,4,216970.92
active,1,217020.99
active,3,217021.094
active,1,217200.948
active,3,217321.07
active,0,217500.952
active,4,217518.89
active,2,217630.717
active,0,217680.489
active,1,217680.745
active,3,217680.806
active,4,217751.181
active,5,217815.449
active,4,217826.98
active,0,217860.863
active,2,217871.042
active,2,217990.583
active,5,217991.01
active,0,218040.604
active,1,218100.579
active,9,218113.295
active,3,218280.767
active,4,218290.983
active,2,218291.314
active,0,218340.826
active,1,218401.41
active,3,218405.062
active,5,218410.953
active,9,218411.716
active,2,218415.33
active,3,218461.037
active,3,218581.064
active,2,218591.204
active,1,218640.795
active,0,218640.974
active,4,218650.767
active,0,218701.426
active,3,218705.36
active,8,218708.51
active,1,218820.604
active,0,218821.069
active,2,218890.663
active,5,218951.318
active,4,219018.339
active,1,219060.951
active,1,219120.683
active,5,219191.258
active,3,219241.057
active,3,219360.54
active,4,219430.995
active,3,219481.039
active,5,219491.098
active,0,219540.61
active,4,219731.187
active,3,219780.946
active,2,219851.046
active,5,219910.865
active,2,219914.222
active,1,220021.176
active,4,220031.468
active,1,220081.072
active,0,220081.075
active,8,220211.441
active,9,220216.193
active,4,220225.14
active,2,220390.502
active,1,220440.473
active,5,220450.738
active,4,220451.378
active,3,220561.126
active,2,220571.273
active,4,220631.445
active,1,220740.857
active,0,220801.072
active,3,220860.898
active,3,220921.085
active,4,220931.283
active,3,221041.041
active,3,221103.813
active,8,221108.65
active,9,221112.112
active,7,221115.065
active,3,221160.612
active,1,221161.044
active,1,221220.972
active,5,221230.581
active,3,221280.603
active,0,221340.693
active,4,221351.362
active,1,221409.065
active,1,221460.879
active,4,221489.908
active,2,221651.314
active,1,221715.524
active,4,221843.992
active,0,221880.63
active,0,221940.864
active,5,222014.332
active,8,222022.939
active,9,222026.351
active,5,222070.947
active,0,222180.839
active,2,222253.922
active,8,222326.071
active,4,222384.141
active,3,222481.138
active,4,222497.603
active,1,222540.642
active,5,222614.641
active,7,222626.136
active,2,222673.858
active,1,222780.624
active,4,222797.45
active,0,222962.981
active,4,222968.667
active,2,223095.1
active,5,223150.857
active,2,223153.629
active,8,223252.132
active,0,223278.857
active,0,223320.552
active,2,223334.031
active,9,223521.339
active,4,223530.606
active,4,223635.076
active,0,223680.839
active,1,223681.102
active,0,223740.898
active,1,223740.901
active,3,223741.078
active,2,223754.725
active,5,223814.68
active,7,223824.861
active,0,223860.512
active,1,223860.703
active,2,223993.749
active,5,224050.969
active,6,224123.452
active,7,224127.903
active,4,224180.501
active,2,224293.809
active,0,224341.001
active,5,224414.373
active,9,224422.823
active,5,224471.398
active,0,224580.601
active,3,224580.93
active,1,224581.14
active,5,224591.26
active,2,224594.609
active,2,224654.732
active,4,224655.175
active,1,224761.042
active,5,224770.964
active,4,224775.514
active,3,224881.133
active,5,224951.312
active,4,225085.59
active,3,225124.292
active,3,225241.11
active,0,225241.113
active,8,225316.44
active,2,225321.954
active,2,225434.029
active,4,225434.698
active,2,225495.114
active,4,225629.12
active,0,225661.177
active,2,225673.684
active,1,225908.581
active,2,225926.242
active,1,226081.179
active,5,226151.148
active,0,226201.347
active,1,226205.45
active,1,226260.943
active,3,226321.136
active,1,226321.213
active,0,226380.894
active,5,226514.228
active,4,226575.318
active,2,226575.321
active,0,226620.563
active,2,226633.994
active,4,226695.108
active,6,226855.773
active,4,226904.984
active,3,226924.044
active,0,226980.714
active,3,226981.048
active,0,227041.039
active,2,227053.761
active,9,227118.681
active,2,227173.463
active,1,227520.881
active,4,227534.788
active,4,227594.615
active,5,227651.241
active,2,227654.616
active,8,227727.376
active,2,227833.996
active,1,227881.015
active,0,227881.017
active,3,227881.199
active,4,227895.025
active,5,227950.959
active,3,228009.621
active,5,228014.139
active,7,228021.724
active,0,228060.511
active,1,228060.684
active,4,228074.9
active,5,228130.833
active,3,228181.226
active,4,228195.178
active,5,228430.802
active,2,228434.113
active,0,228541.269
active,1,228611.495
active,9,228630.481
active,0,228660.531
active,3,228664.011
active,5,228671.374
active,1,228720.66
active,0,228721.029
active,5,228730.835
active,2,228794.266
active,4,228794.622
active,0,228840.681
active,3,228841.166
active,5,228850.62
active,1,228904.864
active,6,228912.184
active,9,228918.25
active,3,229208.838
active,2,229221.643
active,1,229260.994
active,5,229391.527
active,4,229394.964
active,6,229518.244
active,7,229526.354
active,5,229570.78
active,0,229621.318
active,2,229633.86
active,0,229741.359
active,4,229755.018
active,1,229861.014
active,4,229874.892
active,1,229920.747
active,1,230041.22
active,3,230111.864
active,9,230122.256
active,5,230171.142
active,0,230220.625
active,2,230234.143
active,4,230234.925
active,2,230294.013
active,3,230340.981
active,1,230341.241
active,2,230353.983
active,0,230400.836
active,3,230422.679
active,5,230531.049
active,0,230641.249
active,2,230653.939
active,1,230705.192
active,4,230733.54
active,1,230821.395
active,3,230821.4
active,1,230880.702
active,0,230881.163
active,2,230894.054
active,5,230950.99
active,7,231022.45
active,5,231070.634
active,0,231121.231
active,5,231131.224
active,1,231180.738
active,1,231310.526
active,3,231315.704
active,5,231317.215
active,4,231377.34
active,1,231420.952
active,5,231431.072
active,2,231434.741
active,0,231480.692
active,5,231614.912
active,5,231731.144
active,1,231781.229
active,3,231781.518
active,4,231795.26
active,4,231854.92
active,6,231912.382
active,5,231971.3
active,4,231975.304
active,3,232021.272
active,1,232080.874
active,0,232200.61
active,2,232228.301
active,9,232228.793
active,1,232320.781
active,0,232441.098
active,3,232441.422
active,5,232451.158
active,0,232500.852
active,1,232504.893
active,9,232518.555
active,1,232561.217
active,3,232621.249
active,4,232634.48
active,3,232681.48
active,5,232691.07
active,4,232755.294
active,3,232921.296
active,4,232934.557
active,0,232980.504
active,0,233040.769
active,2,233054.046
active,4,233054.705
active,3,233115.807
active,5,233117.616
active,1,233160.938
active,1,233221.387
active,2,233234.397
active,2,233294.065
active,1,233404.878
active,2,233421.054
active,1,233460.61
active,5,233471.243
active,4,233534.674
active,5,233591.584
active,0,233640.927
active,4,233726.788
active,3,233761.334
active,1,233820.945
active,3,233941.184
active,1,234016.506
active,2,234035.467
active,9,234039.404
active,1,234060.723
active,0,234060.727
active,5,234131.0
active,4,234375.29
active,0,234420.602
active,5,234431.258
active,0,234481.157
active,0,234601.074
active,9,234622.96
active,7,234624.78
active,1,234660.723
active,4,234676.907
active,0,235081.313
active,4,235094.681
active,6,235215.216
active,4,235228.782
active,0,235261.069
active,3,235321.259
active,2,235334.378
active,5,235391.129
active,4,235455.155
active,1,235504.594
active,6,235514.179
active,8,235518.068
active,4,235574.705
active,2,235694.386
active,3,235741.21
active,6,235819.891
active,2,235829.408
active,7,235829.41
active,4,235877.05
active,0,235920.97
active,1,235981.06
active,4,235994.599
active,1,236041.231
active,2,236173.942
active,3,236221.297
active,4,236235.127
active,3,236340.998
active,4,236354.759
active,5,236414.083
active,3,236461.157
active,3,236521.455
active,5,236591.116
active,5,236651.217
active,9,236727.833
active,1,236760.709
active,0,236821.218
active,2,236894.906
active,1,236941.089
active,3,236941.278
active,2,237133.936
active,4,237195.16
active,8,237318.603
active,9,237322.03
active,7,237323.395
active,1,237360.716
active,0,237420.625
active,1,237420.939
active,0,237540.512
active,3,237541.214
active,2,237553.844
active,4,237554.537
active,6,237631.561
active,8,237634.298
active,7,237634.634
active,0,237720.635
active,5,237731.071
active,5,237790.753
active,0,237841.346
active,5,237851.156
active,0,237901.501
active,8,237916.219
active,4,238035.263
active,0,238140.942
active,5,238150.617
active,0,238201.423
active,8,238216.279
active,4,238334.62
active,3,238381.196
active,5,238391.353
active,1,238740.94
active,5,238814.091
active,4,238874.548
active,0,238980.623
active,3,238981.29
active,1,239040.934
active,0,239101.228
active,9,239119.209
active,7,239122.359
active,2,239122.449
active,1,239160.696
active,4,239235.309
active,3,239416.06
active,6,239422.164
active,5,239470.86
active,2,239533.902
active,4,239534.542
active,0,239581.038
active,4,239594.951
active,5,239650.928
active,2,239653.972
active,8,239715.6
active,1,239761.043
active,5,239770.628
active,3,239821.104
active,4,239835.007
active,1,239940.668
active,2,240021.071
active,7,240022.379
active,1,240060.554
active,2,240073.647
active,1,240120.943
active,5,240131.122
active,4,240134.975
active,1,240180.748
active,3,240241.27
active,5,240251.12
active,6,240318.224
active,9,240329.406
active,4,240337.65
active,4,240495.149
active,8,240615.498
active,4,240628.488
active,3,240781.159
active,6,240912.493
active,4,240929.389
active,0,240960.651
active,1,240961.07
active,4,240975.177
active,4,241034.972
active,1,241219.831
active,3,241226.404
active,2,241283.803
active,3,241384.119
active,0,241440.919
active,3,241514.259
active,5,241514.552
active,1,241680.959
active,0,241681.049
active,4,241697.226
active,0,241740.576
active,4,241757.092
active,2,241874.272
active,0,241920.924
active,4,241936.701
active,0,242040.512
active,1,242040.705
active,4,242056.901
active,0,242100.788
active,4,242140.567
active,3,242164.033
active,2,242176.705
active,5,242291.243
active,0,242340.721
active,2,242354.673
active,0,242400.521
active,2,242425.093
active,2,242534.948
active,3,242584.038
active,1,242640.998
active,5,242714.225
active,2,242725.889
active,1,242820.878
active,3,242824.191
active,5,242831.423
active,4,242837.012
active,5,242891.244
active,1,243014.363
active,3,243019.371
active,5,243071.16
active,3,243124.109
active,4,243137.11
active,1,243181.147
active,4,243329.848
active,3,243364.108
active,2,243375.665
active,4,243376.805
active,2,243434.256
active,9,243623.909
active,2,243624.711
active,0,243780.57
active,4,243796.93
active,1,243840.832
active,3,243929.147
active,6,243939.021
active,4,243956.515
active,0,243960.537
active,3,243972.75
active,5,243977.344
active,5,244031.16
active,5,244091.459
active,4,244096.801
active,2,244274.428
active,3,244324.185
active,5,244330.624
active,4,244337.318
active,5,244390.561
active,0,244441.159
active,8,244534.858
active,4,244546.361
active,1,244560.909
active,3,244564.419
active,4,244643.88
active,2,244694.684
active,5,244751.107
active,2,244755.021
active,1,244816.067
active,3,244820.762
active,2,244832.419
active,9,244834.071
active,3,244860.683
active,1,244920.877
active,4,244931.419
active,1,244981.058
active,3,245041.172
active,2,245051.291
active,8,245121.683
active,0,245220.949
active,0,245280.494
active,1,245280.84
active,0,245340.725
active,3,245405.504
active,3,245520.738
active,3,245580.889
active,5,245590.589
active,0,245641.164
active,3,245707.859
active,0,245820.564
active,1,245820.821
active,1,245881.01
active,5,245891.307
active,1,245940.561
active,1,246000.959
active,3,246004.002
active,2,246015.29
active,9,246015.78
active,2,246070.709
active,0,246120.947
active,1,246120.952
active,2,246131.356
active,3,246180.552
active,1,246180.924
active,0,246240.57
active,1,246301.258
active,3,246304.5
active,6,246307.508
active,9,246312.758
active,7,246316.829
active,5,246430.682
active,5,246491.214
active,3,246540.897
active,2,246550.58
active,5,246551.289
active,3,246607.221
active,6,246613.138
active,5,246614.093
active,0,246661.007
active,2,246670.956
active,1,246720.996
active,2,246971.577
active,4,246971.91
active,0,247020.572
active,2,247151.13
active,7,247216.683
active,0,247260.626
active,1,247260.839
active,5,247270.7
active,3,247440.975
active,5,247451.0
active,3,247506.738
active,3,247561.126
active,1,247620.539
active,4,247751.445
active,6,247807.85
active,5,247810.776
active,2,247815.746
active,4,247872.985
active,1,247920.585
active,3,247920.939
active,5,247930.772
active,4,247931.389
active,2,247990.886
active,0,248040.74
active,5,248050.964
active,3,248104.221
active,6,248107.047
active,9,248114.591
active,2,248115.174
active,7,248116.88
active,2,248171.279
active,5,248230.57
active,0,248280.917
active,1,248340.965
active,5,248416.474
active,1,248460.569
active,3,248460.98
active,1,248520.947
active,5,248530.856
active,3,248581.043
active,5,248591.036
active,3,248640.685
active,2,248650.631
active,0,248700.965
active,2,248715.154
active,7,248718.231
active,1,248821.071
active,5,248831.088
active,5,248890.445
active,2,248890.729
active,0,249000.79
active,1,249001.27
active,3,249004.351
active,6,249007.43
active,9,249015.956
active,2,249015.959
active,2,249071.273
active,4,249071.405
active,1,249180.709
active,3,249180.969
active,2,249251.269
active,4,249251.425
active,3,249305.899
active,0,249420.986
active,5,249430.614
active,8,249614.772
active,7,249618.051
active,3,249661.174
active,0,249721.168
active,3,249721.172
active,4,249731.162
active,2,249731.319
active,3,249781.258
active,2,249791.353
active,3,249841.08
active,5,249911.33
active,1,250020.749
active,3,250141.135
active,2,250150.948
active,1,250205.21
active,3,250206.863
active,9,250214.873
active,2,250218.03
active,1,250260.881
active,4,250391.233
active,3,250440.786
active,7,250517.053
active,2,250631.492
active,1,250680.814
active,5,250691.359
active,4,250691.559
active,4,250750.994
active,6,250808.168
active,3,250861.088
active,3,251106.732
active,6,251109.507
active,9,251115.232
active,2,251117.712
active,0,251220.799
active,5,251231.029
active,5,251530.835
active,7,251716.839
active,5,251771.061
active,2,251891.056
active,5,251951.149
active,4,251951.336
active,5,252071.008
active,2,252250.566
active,5,252251.067
active,2,252315.802
active,7,252317.51
active,1,252420.917
active,2,252491.32
active,1,252601.215
active,9,252615.608
active,2,252615.611
active,1,252660.796
active,2,252671.293
active,0,252781.014
active,2,252790.67
active,0,252900.623
active,6,252909.768
active,3,252961.011
active,0,253081.143
active,4,253091.329
active,0,253140.573
active,3,253140.88
active,1,253140.944
active,5,253211.739
active,8,253215.824
active,3,253260.96
active,5,253271.186
active,2,253391.405
active,0,253440.954
active,9,253515.822
active,3,253561.112
active,0,253801.428
active,1,253805.087
active,4,253823.838
active,0,253860.64
active,2,253871.198
active,5,253871.33
active,4,253931.26
active,1,253980.986
active,4,253991.349
active,6,254107.359
active,0,254160.962
active,3,254220.908
active,0,254280.693
active,1,254280.946
active,3,254280.947
active,5,254411.41
active,9,254414.071
active,2,254415.176
active,0,254460.947
active,1,254580.621
active,3,254581.01
active,5,254590.497
active,4,254651.294
active,4,254723.85
active,0,254760.59
active,3,254761.076
active,4,254891.622
active,0,255000.626
active,2,255070.698
active,0,255120.847
active,1,255180.973
active,0,255300.514
active,8,255311.751
active,7,255316.483
active,2,255370.913
active,5,255371.378
active,1,255420.675
active,3,255420.681
active,3,255480.51
active,2,255491.094
active,3,255615.295
active,8,255621.445
active,4,255671.225
active,3,255721.078
active,1,255841.17
active,9,255916.375
active,4,255971.299
active,2,256031.072
active,1,256080.672
active,3,256080.932
active,1,256140.757
active,3,256140.948
active,0,256200.547
active,2,256215.301
active,4,256223.609
active,5,256331.266
active,4,256331.635
active,2,256390.594
active,4,256391.282
active,2,256451.312
active,5,256451.4
active,6,256509.716
active,1,256561.033
active,2,256571.216
active,5,256691.39
active,5,256751.205
active,1,256801.068
active,6,256807.799
active,0,256920.824
active,0,257041.113
active,5,257051.032
active,1,257101.063
active,8,257110.009
active,2,257116.963
active,4,257122.879
active,2,257171.152
active,0,257340.57
active,3,257405.989
active,8,257411.655
active,3,257520.632
active,1,257520.878
active,1,257581.055
active,4,257591.418
active,3,257704.563
active,6,257707.269
active,4,257723.559
active,1,257760.805
active,1,257880.73
active,4,257951.516
active,6,258006.977
active,4,258020.958
active,1,258121.016
active,0,258121.211
active,5,258131.247
active,2,258191.249
active,4,258191.499
active,2,258250.638
active,9,258315.127
active,2,258317.621
active,1,258360.684
active,5,258371.594
active,2,258550.861
active,5,258551.254
active,7,258617.13
active,4,258622.26
active,2,258671.111
active,1,258720.747
active,5,258731.351
active,2,258851.137
active,2,258971.499
active,5,259031.627
active,8,259221.962
active,2,259225.462
active,7,259226.445
active,0,259320.612
active,0,259381.237
active,9,259510.408
active,7,259515.113
active,3,259561.056
active,4,259631.19
active,2,259690.981
active,1,259800.706
active,1,259860.718
active,3,259860.979
active,4,259871.139
active,5,259871.513
active,1,259981.025
active,0,260100.925
active,6,260107.648
active,8,260108.869
active,9,260112.095
active,7,260117.823
active,3,260160.929
active,1,260281.141
active,5,260290.607
active,2,260290.609
active,0,260340.764
active,6,260406.078
active,5,260470.991
active,4,260530.809
active,5,260531.108
active,4,260590.946
active,1,260641.138
active,1,260760.549
active,5,260770.889
active,0,260820.979
active,1,260880.924
active,5,260950.884
active,4,260951.017
active,2,261016.668
active,4,261020.749
active,3,261060.746
active,2,261071.224
active,4,261130.627
active,0,261241.014
active,5,261251.225
active,5,261310.523
active,5,261370.919
active,5,261430.646
active,1,261480.852
active,2,261490.646
active,5,261550.88
active,0,261600.529
active,6,261605.288
active,4,261618.06
active,3,261661.274
active,1,261721.035
active,0,261721.036
active,3,261780.571
active,1,261780.816
active,0,261780.919
active,3,261840.699
active,1,262020.582
active,5,262031.002
active,2,262031.166
active,0,262080.782
active,1,262081.174
active,0,262140.974
active,4,262150.786
active,2,262151.029
active,4,262218.89
active,2,262331.473
active,0,262560.942
active,0,262620.707
active,0,262680.525
active,1,262740.752
active,5,262751.01
active,2,262751.4
active,0,262800.519
active,8,262817.545
active,2,262822.208
active,4,262871.042
active,3,262980.723
active,1,262981.043
active,4,262991.293
active,1,263040.609
active,3,263040.91
active,0,263040.982
active,6,263105.259
active,8,263107.448
active,9,263109.077
active,5,263111.261
active,2,263170.651
active,0,263220.901
active,4,263291.036
active,2,263291.212
active,4,263351.003
active,3,263404.611
active,8,263407.408
active,9,263410.541
active,2,263471.126
active,0,263520.584
active,3,263520.975
active,5,263530.78
active,3,263581.008
active,1,263640.775
active,4,263721.12
active,0,263821.313
active,0,263941.08
active,2,263951.282
active,1,264120.865
active,0,264180.756
active,2,264190.762
active,4,264191.056
active,5,264191.059
active,5,264251.269
active,0,264300.987
active,5,264311.065
active,5,264491.475
active,3,264605.395
active,5,264611.345
active,3,264660.786
active,1,264660.867
active,0,264840.929
active,3,264841.024
active,2,264851.174
active,6,264906.023
active,4,265031.357
active,2,265031.359
active,0,265080.717
active,3,265140.489
active,8,265206.566
active,0,265261.019
active,5,265270.625
active,4,265270.978
active,4,265330.899
active,2,265331.383
active,1,265441.033
active,8,265508.571
active,0,265560.919
active,1,265620.714
active,2,265691.031
active,3,265860.634
active,4,265870.492
active,2,265871.089
active,2,265930.643
active,5,265930.953
active,3,265981.071
active,0,265981.072
active,8,266108.067
active,2,266114.862
active,5,266170.581
active,3,266220.941
active,0,266401.181
active,1,266407.332
active,6,266420.515
active,7,266424.708
active,3,266461.116
active,5,266650.759
active,4,266831.271
active,0,266880.532
active,1,266941.026
active,0,267061.166
active,5,267251.107
active,6,267307.57
active,2,267431.315
active,3,267480.873
active,4,267490.924
active,0,267601.388
active,1,267601.584
active,8,267608.19
active,2,267615.263
active,1,267660.707
active,3,267660.915
active,4,267671.202
active,0,267721.063
active,1,267721.065
active,3,267904.961
active,8,267908.47
active,0,267961.135
active,3,268081.236
active,5,268091.166
active,5,268151.16
active,1,268204.083
active,3,268260.895
active,2,268271.255
active,4,268331.09
active,2,268331.091
active,3,268381.045
active,1,268440.726
active,5,268511.05
active,7,268515.201
active,0,268560.886
active,1,268561.334
active,5,268571.074
active,4,268571.378
active,0,268800.517
active,7,268814.733
active,3,268920.61
active,4,268931.197
active,0,268980.925
active,2,268991.315
active,3,269040.983
active,1,269040.985
active,3,269106.92
active,3,269220.658
active,1,269340.531
active,5,269351.363
active,4,269418.762
active,0,269581.143
active,5,269590.566
active,2,269650.989
active,3,269703.691
active,5,269711.321
active,3,269760.768
active,1,269760.877
active,3,269820.593
active,4,269831.083
active,5,269891.438
active,1,270008.002
active,0,270180.886
active,6,270305.059
active,3,270360.815
active,0,270420.659
active,3,270421.117
active,0,270481.027
active,3,270481.098
active,3,270604.462
active,5,270611.12
active,0,270841.047
active,2,271031.274
active,1,271081.007
active,5,271091.31
active,5,271150.599
active,4,271151.033
active,1,271200.748
active,3,271204.261
active,6,271205.227
active,7,271215.059
active,3,271321.084
active,2,271330.632
active,4,271331.316
active,3,271380.55
active,0,271380.91
active,2,271390.864
active,1,271440.586
active,1,271501.457
active,2,271514.709
active,4,271691.036
active,5,271811.427
active,7,271817.085
active,3,271860.947
active,1,271981.186
active,3,272040.518
active,5,272111.808
active,9,272111.809
active,2,272114.561
active,4,272121.081
active,2,272170.803
active,4,272231.085
active,0,272281.015
active,1,272340.944
active,0,272400.631
active,1,272401.101
active,7,272414.889
active,1,272460.555
active,5,272471.235
active,0,272520.954
active,5,272531.114
active,0,272640.817
active,0,272700.931
active,6,272707.84
active,7,272717.048
active,3,272761.055
active,5,272770.751
active,4,272950.725
active,1,273000.685
active,4,273019.11
active,5,273071.04
active,0,273120.576
active,2,273191.19
active,2,273371.179
active,1,273421.07
active,1,273480.503
active,2,273491.061
active,5,273670.551
active,2,273790.854
active,1,273901.037
active,5,273911.13
active,4,273920.038
active,2,273970.622
active,4,273970.956
active,1,274020.866
active,5,274030.871
active,1,274080.855
active,0,274081.048
active,3,274081.111
active,3,274140.951
active,2,274151.195
active,0,274260.704
active,5,274331.138
active,1,274381.084
active,0,274500.641
active,3,274505.342
active,6,274507.731
active,8,274508.386
active,2,274516.412
active,2,274691.025
active,1,274801.153
active,3,274804.265
active,5,274810.91
active,2,274814.862
active,4,274818.791
active,3,274860.955
active,4,274871.077
active,0,274920.755
active,3,274920.913
active,2,274930.75
active,2,274990.663
active,1,275040.53
active,6,275106.052
active,5,275170.857
active,5,275230.993
active,4,275291.246
active,0,275401.171
active,3,275405.373
active,6,275407.581
active,2,275416.152
active,7,275416.857
active,3,275461.153
active,5,275471.155
active,1,275520.599
active,4,275590.718
active,2,275590.719
active,1,275760.938
active,3,275820.699
active,5,275831.436
active,2,275891.109
active,0,276000.588
active,6,276007.067
active,1,276060.858
active,4,276071.271
active,2,276131.082
active,4,276251.197
active,0,276301.137
active,5,276311.458
active,2,276316.191
active,1,276360.844
active,4,276371.244
active,0,276421.107
active,1,276480.933
active,0,276540.706
active,1,276540.845
active,1,276600.593
active,0,276601.027
active,3,276603.678
active,9,276607.969
active,5,276611.052
active,3,276660.703
active,5,276730.734
active,3,276780.967
active,5,276790.86
active,3,276841.133
active,0,276900.726
active,9,276908.149
active,2,276914.454
active,0,276961.136
active,4,277031.009
active,5,277031.069
active,5,277091.331
active,1,277320.933
active,5,277451.384
active,0,277561.243
active,4,277570.842
active,4,277691.079
active,0,277741.204
active,1,277920.957
active,0,277920.96
active,5,277930.941
active,1,277981.142
active,1,278040.66
active,4,278051.462
active,6,278108.361
active,9,278112.044
active,1,278340.835
active,8,278406.647
active,3,278460.995
active,4,278470.645
active,2,278531.151
active,1,278580.643
active,4,278590.858
active,0,278640.96
active,2,278651.075
active,5,278711.669
active,2,278771.101
active,1,278820.934
active,0,278881.043
active,4,278891.089
active,0,278941.046
active,1,279004.54
active,9,279012.156
active,4,279071.182
active,5,279131.307
active,0,279180.694
active,1,279181.011
active,2,279250.785
active,1,279300.823
active,5,279311.455
active,2,279313.972
active,0,279360.824
active,3,279361.13
active,0,279420.595
active,5,279431.136
active,2,279491.273
active,1,279600.5
active,6,279606.629
active,8,279609.19
active,5,279611.792
active,2,279614.341
active,7,279615.218
active,4,279671.145
active,4,279731.032
active,2,279790.96
active,3,279841.004
active,6,279907.811
active,2,279916.339
active,0,280021.037
active,3,280021.06
active,1,280080.945
active,4,280090.847
active,5,280091.027
active,0,280140.561
active,1,280201.253
active,7,280215.147
active,0,280260.579
active,3,280261.024
active,2,280331.354
active,4,280391.309
active,4,280450.891
active,9,280509.296
active,5,280570.539
active,0,280621.124
active,0,280740.52
active,0,280800.995
active,1,280807.439
active,3,280810.397
active,9,280818.393
active,3,281040.601
active,4,281171.198
active,3,281280.925
active,4,281350.675
active,2,281351.426
active,1,281400.774
active,2,281414.375
active,2,281470.939
active,5,281471.156
active,4,281530.794
active,2,281531.171
active,3,281705.51
active,1,281881.134
active,4,281890.719
active,2,281890.72
active,3,281940.5
active,1,282001.332
active,7,282015.527
active,3,282121.084
active,1,282121.086
active,0,282240.61
active,8,282306.671
active,4,282317.678
active,0,282360.695
active,0,282420.49
active,1,282420.758
active,3,282605.888
active,6,282608.366
active,8,282610.851
active,5,282611.926
active,2,282616.737
active,7,282617.321
active,3,282661.125
active,2,282670.958
active,5,282730.639
active,1,282780.58
active,4,282790.83
active,3,282904.01
active,6,282905.162
active,5,282910.894
active,7,282915.198
active,5,282970.76
active,2,282971.266
active,1,283020.762
active,2,283090.914
active,4,283091.041
active,1,283141.133
active,3,283203.317
active,8,283205.971
active,2,283214.74
active,7,283214.998
active,4,283217.881
active,2,283330.942
active,1,283380.824
active,3,283380.984
active,2,283390.516
active,5,283390.978
active,0,283500.75
active,3,283620.652
active,5,283691.188
active,0,283740.777
active,4,283751.06
active,1,283801.123
active,6,283805.259
active,8,283807.682
active,0,283860.578
active,0,283921.031
active,0,284100.672
active,3,284104.101
active,7,284114.616
active,4,284291.358
active,4,284351.262
active,9,284420.021
active,3,284460.975
active,4,284471.124
active,1,284520.875
active,0,284520.946
active,4,284590.572
active,0,284700.949
active,9,284708.348
active,3,284820.582
active,0,284820.951
active,3,284881.126
active,5,284890.862
active,2,284891.264
active,3,284940.461
active,5,284951.344
active,0,285000.963
active,8,285007.057
active,5,285010.775
active,5,285130.479
active,2,285191.14
active,6,285308.402
active,2,285316.491
active,7,285317.0
active,5,285371.139
active,3,285420.828
active,4,285490.615
active,2,285491.061
active,1,285600.87
active,3,285604.041
active,6,285605.507
active,2,285614.553
active,1,285660.614
active,4,285791.317
active,3,285841.054
active,7,285914.85
active,2,285970.658
active,3,286020.78
active,5,286030.813
active,3,286140.655
active,2,286150.691
active,5,286151.242
active,6,286207.617
active,8,286207.949
active,5,286211.7
active,7,286217.09
active,2,286270.57
active,1,286320.965
active,2,286330.742
active,4,286391.221
active,5,286451.191
active,8,286507.471
active,9,286508.689
active,1,286560.612
active,1,286681.027
active,6,286805.091
active,5,286870.852
active,1,286920.604
active,3,286921.008
active,4,286931.184
active,0,286980.863
active,4,286991.186
active,5,287051.232
active,5,287112.461
active,5,287170.762
active,0,287220.714
active,4,287230.782
active,5,287231.113
active,1,287280.581
active,3,287280.994
active,0,287280.996
active,4,287291.092
active,0,287401.074
active,3,287404.109
active,4,287419.939
active,4,287471.287
active,5,287531.008
active,1,287581.179
active,1,287640.931
active,4,287717.97
active,1,287821.18
active,5,287891.25
active,7,288025.072
active,0,288061.071
active,3,288240.719
active,1,288300.958
active,0,288301.284
active,9,288308.298
active,4,288317.24
active,0,288420.931
active,1,288481.073
active,2,288490.778
active,1,288540.58
active,2,288551.227
active,0,288600.963
active,3,288604.869
active,6,288605.36
active,9,288609.589
active,5,288610.504
active,0,288661.046
active,3,288721.052
active,5,288790.754
active,0,288841.025
active,4,288850.727
active,0,288900.993
active,5,289030.973
active,3,289080.702
active,1,289141.023
active,2,289150.955
active,5,289150.996
active,5,289210.875
active,7,289215.119
active,4,289217.558
active,3,289380.829
active,2,289450.9
active,2,289570.67
active,5,289570.873
active,0,289680.844
active,5,289750.661
active,4,289750.729
active,6,289807.798
active,5,289811.459
active,2,289871.337
active,4,289931.081
active,3,289980.945
active,4,289991.003
active,2,289991.214
active,1,290041.182
active,0,290041.204
active,5,290050.886
active,5,290111.105
active,7,290114.767
active,1,290160.722
active,4,290231.224
active,1,290281.09
active,0,290340.698
active,8,290407.262
active,1,290460.987
active,2,290471.018
active,4,290471.322
active,3,290520.588
active,1,290580.909
active,0,290581.029
active,3,290640.89
active,3,290707.111
active,1,290820.803
active,1,290881.175
active,3,290940.667
active,0,290940.77
active,4,290951.196
active,6,291007.061
active,2,291071.132
active,0,291120.934
active,1,291120.939
active,4,291131.533
active,4,291251.393
active,3,291303.908
active,0,291360.851
active,1,291420.956
active,5,291550.783
active,1,291610.554
active,2,291625.315
active,1,291720.925
active,3,291720.928
active,0,291781.028
active,2,291851.223
active,4,291851.225
active,2,291914.736
active,4,291919.809
active,1,292020.529
active,2,292030.751
active,2,292150.641
active,9,292207.608
active,1,292260.677
active,1,292380.598
active,5,292450.586
active,2,292450.974
active,6,292508.07
active,2,292691.238
active,7,292815.57
active,1,292861.094
active,5,292870.816
active,2,292931.313
active,0,292980.959
active,5,292991.26
active,1,293040.623
active,3,293040.924
active,0,293100.78
active,6,293105.258
active,9,293109.641
active,5,293170.862
active,0,293221.165
active,4,293231.214
active,3,293405.401
active,5,293411.781
active,3,293520.612
active,1,293520.851
active,0,293521.028
active,4,293590.712
active,1,293640.553
active,6,293705.168
active,9,293711.25
active,5,293770.726
active,1,294000.58
active,9,294008.767
active,0,294060.821
active,3,294121.254
active,4,294191.096
active,5,294191.426
active,3,294306.162
active,9,294311.423
active,5,294311.735
active,1,294360.694
active,0,294360.696
active,1,294420.578
active,5,294610.955
active,2,294671.267
active,0,294720.631
active,0,294841.081
active,4,294851.236
active,9,294908.719
active,2,294914.214
active,4,294971.202
active,5,295030.723
active,3,295080.785
active,5,295216.322
active,6,295218.706
active,7,295226.076
active,3,295260.948
active,1,295440.881
active,4,295450.961
active,0,295560.54
active,2,295570.951
active,2,295750.756
active,3,295860.976
active,0,295861.033
active,1,295861.039
active,2,295990.563
active,1,296040.772
active,8,296108.696
active,1,296220.569
active,0,296220.922
active,0,296280.627
active,4,296350.667
active,2,296414.884
active,7,296415.227
active,5,296530.65
active,1,296640.767
active,1,296700.65
active,0,296701.459
active,3,296704.942
active,1,296760.55
active,0,296760.974
active,2,296770.662
active,4,296890.7
active,5,296950.879
active,1,297005.221
active,9,297011.939
active,4,297071.163
active,0,297120.665
active,1,297180.595
active,3,297180.949
active,0,297180.95
active,2,297251.278
active,0,297301.05
active,3,297305.239
active,9,297311.536
active,3,297361.103
active,1,297421.127
active,2,297491.04
active,3,297603.801
active,3,297660.876
active,3,297720.9
active,5,297731.002
active,5,297790.622
active,0,297840.916
active,0,297900.455
active,7,297916.953
active,4,297921.549
active,5,297970.902
active,5,298090.522
active,4,298151.169
active,0,298261.393
active,2,298270.86
active,1,298320.589
active,0,298320.95
active,5,298331.023
active,4,298331.349
active,3,298380.998
active,1,298381.065
active,1,298441.12
active,0,298501.491
active,4,298520.469
active,0,298560.592
active,5,298571.265
active,3,298621.127
active,5,298690.845
active,5,298751.222
active,4,298829.826
active,3,298861.273
active,2,298871.145
active,5,298931.239
active,3,298981.12
active,3,299040.977
active,1,299100.634
active,3,299104.59
active,4,299120.218
active,3,299160.885
active,4,299290.635
active,0,299340.882
active,5,299411.326
active,7,299415.367
active,4,299470.739
active,3,299520.788
active,3,299580.908
active,2,299591.071
active,0,299640.968
active,8,299708.106
active,9,299711.843
active,7,299716.657
active,4,299720.839
active,4,299770.812
active,3,299821.304
active,4,299830.989
active,3,299880.967
active,7,300015.071
active,0,300060.919
active,4,300071.335
active,1,300241.184
active,3,300304.619
active,7,300315.114
active,3,300361.084
active,0,300420.718
active,0,300481.042
active,0,300601.051
active,3,300720.641
active,2,300730.704
active,3,300781.17
active,3,300903.899
active,8,300906.681
active,1,301020.958
active,5,301210.806
active,3,301261.184
active,4,301450.769
active,6,301507.34
active,5,301511.62
active,3,301680.936
active,5,301691.256
active,3,301740.765
active,3,301804.721
active,6,301805.05
active,9,301811.404
active,5,301871.125
active,3,301920.967
active,5,301931.134
active,5,301991.284
active,3,302040.724
active,6,302106.878
active,5,302171.194
active,0,302220.623
active,1,302220.865
active,3,302220.966
active,0,302280.545
active,5,302350.881
active,0,302401.403
active,5,302415.766
active,9,302430.103
active,4,302531.273
active,4,302650.764
active,0,302700.684
active,1,302701.051
active,6,302705.66
active,7,302714.672
active,3,302761.186
active,3,302821.063
active,5,302891.098
active,2,302891.185
active,0,302940.563
active,3,302940.988
active,4,302951.062
active,1,303001.001
active,5,303011.048
active,2,303014.142
active,4,303070.562
active,2,303071.091
active,5,303071.112
active,1,303180.729
active,0,303301.341
active,1,303304.783
active,6,303307.871
active,1,303361.034
active,1,303420.868
active,0,303600.705
active,5,303611.419
active,3,303660.736
active,0,303661.128
active,4,303670.828
active,5,303671.478
active,3,303720.746
active,0,303720.749
active,5,303730.859
active,0,303780.958
active,5,303851.162
active,1,303900.749
active,0,303901.33
active,6,303905.277
active,9,303910.058
active,5,303910.958
active,4,303919.678
active,0,303960.693
active,2,304031.191
active,0,304081.214
active,0,304140.925
active,5,304150.85
active,6,304216.118
active,9,304220.423
active,0,304260.842
active,2,304271.147
active,5,304271.148
active,0,304321.058
active,2,304391.146
active,2,304451.129
active,4,304451.26
active,5,304451.262
active,3,304620.889
active,5,304630.669
active,3,304680.8
active,3,304740.736
active,8,304807.247
active,5,304810.601
active,4,304819.098
active,1,304860.655
active,0,304861.05
active,2,304871.116
active,0,304920.695
active,5,304930.745
active,4,304991.201
active,3,305105.449
active,7,305116.945
active,4,305121.577
active,1,305280.462
active,5,305290.568
active,4,305290.928
active,2,305290.929
active,3,305340.638
active,1,305341.186
active,4,305350.657
active,0,305401.356
active,8,305407.1
active,9,305410.248
active,7,305415.143
active,5,305471.032
active,1,305580.794
active,3,305703.429
active,8,305706.189
active,5,305830.591
active,4,305830.832
active,3,305880.539
active,0,305941.043
active,0,306001.075
active,0,306120.788
active,2,306130.672
active,3,306180.542
active,1,306180.896
active,2,306191.417
active,8,306308.328
active,9,306312.609
active,2,306314.235
active,1,306361.113
active,2,306491.046
active,1,306540.576
active,8,306611.924
active,2,306615.071
active,7,306615.487
active,0,306660.515
active,5,306670.911
active,2,306671.262
active,5,306730.567
active,3,306840.589
active,0,306840.87
active,5,306851.116
active,6,306908.818
active,3,307020.684
active,2,307090.693
active,5,307091.528
active,0,307140.96
active,1,307201.223
active,2,307271.442
active,2,307330.824
active,3,307380.988
active,3,307440.569
active,5,307511.337
active,2,307571.506
active,0,307621.043
active,5,307630.764
active,0,307680.93
active,3,307741.068
active,5,307819.401
active,2,307931.475
active,4,307945.98
active,0,307980.92
active,7,308132.259
active,0,308220.585
active,1,308405.151
active,5,308414.142
active,8,308425.672
active,0,308461.661
active,0,308700.936
active,1,308711.444
active,3,308716.014
active,2,308727.057
active,6,308729.788
active,5,308830.801
active,4,308896.548
active,5,309013.89
active,4,309030.086
active,0,309180.601
active,0,309240.711
active,7,309320.991
active,4,309377.971
active,5,309633.859
active,3,309636.456
active,2,309647.792
active,6,309652.213
active,1,309904.003
active,0,310020.59
active,1,310140.591
active,0,310140.774
active,2,310153.352
active,0,310200.539
active,5,310214.104
active,5,310271.121
active,0,310320.908
active,2,310334.648
active,1,310440.623
active,0,310441.218
active,3,310441.221
active,2,310454.225
active,4,310539.902
active,1,310740.632
active,1,310803.765
active,0,310980.864
active,3,311040.809
active,2,311053.657
active,9,311117.997
active,3,311221.314
active,2,311234.562
active,3,311281.107
active,5,311416.979
active,4,311477.404
active,0,311521.12
active,3,311521.313
active,1,311581.158
active,0,311640.838
active,3,311641.133
active,2,311654.241
active,5,311771.214
active,0,311820.64
active,4,311953.88
active,6,312011.607
active,5,312131.084
active,4,312195.136
active,1,312240.797
active,1,312308.481
active,3,312315.292
active,5,312318.282
active,8,312321.707
active,9,312328.492
active,4,312336.661
active,2,312374.422
active,1,312480.633
active,8,312914.861
active,2,312920.198
active,1,312960.628
active,1,313020.793
active,4,313034.484
active,4,313095.529
active,3,313141.095
active,4,313154.525
active,9,313258.135
active,4,313267.899
active,1,313320.526
active,0,313381.069
active,2,313394.262
active,3,313561.199
active,2,313574.3
active,2,313634.51
active,5,313691.171
active,5,313750.607
active,2,313754.522
active,0,313801.101
active,4,313827.837
active,1,313861.336
active,3,313981.007
active,4,313994.653
active,0,314041.264
active,1,314108.035
active,2,314126.337
active,1,314161.012
active,5,314170.554
active,4,314177.011
active,2,314233.824
active,5,314291.093
active,1,314341.263
active,5,314351.477
active,0,314461.014
active,4,314474.906
active,5,314531.106
active,2,314533.702
active,0,314581.04
active,4,314594.87
active,5,314650.78
active,8,314717.268
active,7,314722.107
active,3,314761.194
active,2,314834.015
active,4,314835.055
active,0,314880.865
active,3,315016.25
active,5,315017.256
active,2,315029.641
active,0,315060.849
active,5,315071.003
active,5,315251.437
active,2,315318.722
active,4,315326.501
active,2,315433.319
active,0,315481.195
active,5,315490.884
active,5,315614.054
active,9,315622.087
active,2,315622.185
active,4,315630.818
active,1,315661.05
active,3,315661.197
active,0,315721.246
active,3,315721.248
active,4,315734.636
active,0,315780.937
active,2,315854.186
active,1,315907.88
active,6,315920.894
active,9,315929.821
active,2,316093.706
active,1,316140.799
active,2,316153.79
active,4,316154.86
active,0,316201.502
active,6,316214.955
active,8,316218.58
active,4,316230.889
active,2,316273.946
active,4,316274.358
active,3,316321.26
active,2,316333.935
active,6,316513.971
active,5,316514.283
active,3,316561.276
active,4,316575.015
active,3,316621.148
active,2,316634.273
active,0,316680.902
active,2,316753.831
active,4,316846.366
active,1,316863.602
active,5,316870.881
active,4,316934.404
active,0,316980.509
active,5,317113.42
active,2,317297.508
active,0,317341.263
active,2,317354.441
active,0,317400.921
active,0,317461.339
active,2,317473.983
active,3,317521.234
active,5,317531.033
active,1,317581.177
active,1,317641.018
active,0,317641.32
active,0,317700.581
active,8,317723.386
active,9,317728.512
active,2,317774.145
active,3,317881.236
active,7,318022.402
active,4,318075.18
active,1,318121.012
active,7,318321.947
active,3,318361.215
active,5,318431.083
active,1,318480.97
active,4,318554.584
active,3,318615.473
active,8,318623.181
active,9,318627.7
active,2,318674.138
active,0,318840.917
active,5,318850.555
active,2,318854.519
active,0,318960.742
active,3,319081.226
active,2,319094.072
active,1,319140.984
active,2,319153.763
active,4,319154.784
active,8,319217.354
active,1,319320.89
active,5,319331.092
active,0,319440.678
active,6,319521.352
active,7,319527.386
active,3,319564.108
active,5,319571.1
active,4,319576.833
active,5,319691.274
active,1,319805.239
active,3,319808.789
active,1,319860.802
active,0,319861.395
active,4,319874.981
active,1,320041.117
active,0,320101.312
active,5,320113.962
active,7,320122.083
active,2,320173.734
active,0,320220.917
active,3,320221.174
active,3,320341.246
active,0,320341.377
active,4,320355.375
active,5,320420.937
active,3,320466.321
active,2,320476.751
active,5,320591.033
active,5,320714.011
active,8,320718.675
active,7,320724.932
active,3,320761.262
active,5,320771.119
active,2,320774.032
active,0,320820.977
active,1,320880.569
active,0,320880.882
active,5,320890.777
active,4,320894.534
active,6,321013.771
active,9,321020.554
active,2,321021.153
active,0,321060.576
active,4,321074.613
active,0,321120.626
active,1,321120.946
active,5,321131.244
active,4,321134.86
active,4,321194.649
active,2,321253.682
active,1,321360.524
active,2,321434.234
active,5,321551.098
active,2,321553.924
active,0,321601.284
active,1,321605.08
active,3,321608.661
active,8,321617.396
active,7,321622.085
active,3,321781.418
active,0,321901.399
active,3,321908.713
active,4,322034.78
active,4,322095.095
active,5,322217.431
active,5,322330.727
active,7,322521.275
active,4,322526.198
active,0,322561.233
active,1,322680.671
active,5,322690.889
active,5,322751.281
active,6,322812.196
active,8,322815.168
active,4,322934.62
active,2,323053.499
active,2,323125.716
active,2,323174.266
active,5,323231.267
active,0,323280.665
active,3,323341.089
active,5,323351.167
active,0,323401.301
active,3,323409.21
active,6,323413.63
active,2,323422.111
active,0,323460.98
active,1,323520.605
active,4,323534.564
active,5,323651.153
active,5,323713.952
active,2,323773.595
active,4,323774.048
active,3,323821.205
active,5,323831.301
active,4,323835.114
active,0,323880.687
active,1,323880.963
active,3,323881.339
active,3,323941.146
active,4,323954.853
active,8,324037.131
active,2,324038.216
active,3,324064.588
active,2,324077.388
active,3,324121.289
active,2,324193.92
active,0,324360.899
active,0,324420.887
active,2,324433.86
active,4,324434.656
active,1,324481.142
active,4,324554.957
active,0,324601.165
active,1,324604.805
active,5,324614.307
active,6,324616.28
active,4,324629.109
active,5,324671.171
active,1,324720.992
active,0,324780.524
active,9,324928.228
active,4,324935.504
active,2,325094.454
active,4,325154.767
active,5,325214.021
active,4,325230.71
active,1,325260.588
active,4,325274.761
active,3,325321.288
active,0,325380.738
active,4,325394.547
active,1,325505.417
active,8,325518.317
active,2,325575.013
active,3,325621.151
active,5,325630.823
active,1,325681.211
active,4,325694.993
active,0,325801.182
active,6,325820.003
active,3,325864.1
active,5,325991.187
active,2,325993.856
active,4,325994.582
active,2,326054.324
active,9,326118.46
active,5,326231.397
active,5,326290.979
active,4,326294.863
active,6,326414.738
active,7,326422.583
active,3,326461.139
active,1,326580.704
active,5,326591.338
active,4,326594.564
active,1,326640.8
active,8,326721.196
active,3,326764.339
active,4,326777.243
active,3,326821.305
active,4,326835.073
active,1,326940.639
active,0,326941.057
active,3,327061.277
active,0,327120.57
active,5,327130.808
active,2,327193.548
active,0,327301.027
active,1,327304.671
active,6,327311.989
active,3,327361.166
active,2,327374.062
active,4,327374.697
active,1,327480.996
active,0,327540.608
active,4,327554.763
active,1,327619.345
active,6,327633.243
active,8,327633.816
active,7,327636.863
active,5,327730.483
active,3,327913.431
active,4,328096.66
active,8,328219.307
active,9,328223.65
active,4,328278.366
active,4,328397.12
active,8,328525.148
active,0,328560.653
active,1,328560.714
active,3,328564.162
active,4,328584.149
active,0,328620.819
active,2,328635.06
active,0,328681.047
active,2,328694.551
active,3,328744.302
active,4,328757.102
active,0,328800.601
active,9,328821.967
active,1,328920.712
active,3,328923.91
active,0,328980.638
active,2,328994.918
active,9,329119.343
active,2,329122.818
active,1,329160.721
active,4,329176.573
active,2,329234.708
active,0,329280.691
active,1,329340.88
active,5,329351.426
active,9,329430.481
active,2,329476.594
active,1,329520.663
active,2,329593.93
active,3,329643.929
active,5,329651.064
active,2,329654.762
active,3,329712.006
active,5,329714.72
active,8,329715.988
active,1,329760.894
active,1,329880.753
active,1,329941.04
active,0,330000.894
active,5,330016.144
active,3,330016.152
active,2,330025.312
active,4,330031.67
active,2,330073.951
active,0,330180.991
active,1,330365.777
active,1,330420.71
active,4,330436.297
active,1,330480.513
active,2,330494.914
active,1,330540.918
active,5,330551.448
active,3,330616.782
active,6,330619.598
active,2,330674.938
active,1,330720.68
active,5,330731.564
active,2,330854.549
active,4,330857.129
active,5,330971.242
active,4,330983.379
active,0,331080.888
active,0,331140.788
active,1,331140.789
active,3,331144.011
active,2,331154.713
active,0,331201.33
active,1,331215.993
active,3,331219.708
active,1,331260.664
active,5,331270.953
active,0,331320.669
active,5,331330.872
active,4,331391.419
active,0,331500.638
active,1,331503.668
active,3,331506.688
active,0,331560.677
active,0,331681.059
active,5,331691.08
active,4,331751.378
active,1,331801.143
active,3,331805.153
active,6,331808.171
active,4,331826.59
active,1,331980.701
active,4,331991.357
active,0,332040.704
active,2,332050.926
active,0,332101.047
active,1,332104.2
active,1,332160.592
active,5,332231.5
active,0,332340.612
active,1,332340.977
active,5,332351.227
active,4,332351.486
active,5,332410.51
active,0,332460.999
active,4,332471.623
active,5,332531.342
active,2,332650.661
active,0,332701.146
active,1,332701.282
active,5,332711.259
active,8,332712.426
active,9,332715.136
active,2,332770.975
active,1,332820.558
active,5,332831.399
active,4,332831.537
active,3,332881.164
active,4,332891.251
active,3,332940.585
active,5,332950.731
active,8,333014.37
active,1,333061.054
active,5,333071.15
active,0,333120.676
active,3,333180.564
active,2,333191.218
active,5,333191.221
active,1,333240.635
active,3,333240.637
active,0,333240.825
active,0,333301.155
active,1,333301.157
active,3,333305.012
active,0,333360.685
active,5,333370.591
active,0,333420.972
active,1,333481.12
active,0,333540.868
active,2,333551.404
active,3,333604.921
active,6,333607.828
active,0,333720.813
active,2,333731.143
active,4,333731.553
active,1,333905.199
active,7,333918.52
active,5,333970.562
active,2,334031.331
active,1,334080.989
active,5,334090.799
active,7,334217.34
active,1,334260.972
active,3,334320.625
active,5,334451.278
active,0,334500.988
active,8,334513.122
active,2,334515.9
active,4,334523.841
active,2,334570.957
active,1,334620.838
active,3,334621.086
active,2,334630.865
active,1,334740.987
active,4,334833.398
active,2,334870.924
active,4,334871.422
active,0,334980.603
active,1,334980.967
active,5,334990.731
active,5,335050.994
active,4,335051.454
active,6,335106.999
active,7,335116.465
active,3,335160.796
active,0,335220.599
active,1,335220.863
active,6,335407.639
active,5,335410.992
active,0,335461.146
active,4,335471.286
active,2,335531.054
active,1,335640.896
active,4,335770.712
active,0,335880.741
active,4,335891.513
active,8,336012.126
active,3,336240.996
active,2,336250.74
active,9,336314.648
active,3,336361.109
active,3,336420.749
active,1,336420.958
active,3,336540.56
active,0,336540.81
active,6,336609.927
active,5,336613.763
active,2,336617.511
active,2,336671.18
active,2,336731.228
active,1,336841.28
active,0,336901.225
active,5,336911.207
active,9,336914.385
active,4,336971.394
active,3,337080.994
active,0,337141.097
active,2,337215.132
active,3,337260.671
active,2,337570.616
active,0,337620.523
active,3,337681.082
active,5,337751.132
active,4,337751.348
active,9,337814.774
active,1,337861.019
active,2,337930.973
active,1,337981.051
active,0,337981.107
active,1,338101.249
active,7,338116.854
active,4,338124.093
active,3,338160.937
active,1,338220.545
active,4,338351.507
active,1,338411.106
active,5,338416.831
active,8,338422.07
active,2,338425.957
active,0,338461.062
active,0,338520.6
active,5,338530.741
active,1,338581.065
active,7,338717.013
active,1,338760.571
active,5,338771.08
active,0,338821.117
active,5,338890.739
active,2,339015.846
active,0,339061.0
active,2,339071.021
active,2,339130.539
active,0,339180.818
active,1,339240.776
active,0,339240.988
active,5,339251.338
active,2,339251.345
active,0,339300.661
active,6,339309.191
active,0,339420.69
active,3,339420.982
active,5,339431.417
active,3,339481.181
active,4,339491.547
active,0,339540.635
active,5,339670.915
active,2,339671.63
active,0,339780.591
active,3,339780.63
active,2,339851.286
active,4,339851.597
active,5,339911.257
active,6,339912.004
active,9,339916.433
active,5,340031.427
active,0,340141.036
active,3,340141.264
active,1,340204.849
active,3,340260.937
active,0,340261.103
active,5,340391.121
active,4,340391.474
active,1,340440.934
active,2,340450.694
active,5,340451.054
active,4,340571.25
active,0,340620.425
active,3,340741.119
active,0,340801.136
active,0,340920.968
active,5,341114.856
active,7,341118.51
active,4,341122.911
active,4,341171.485
active,3,341281.025
active,2,341350.894
active,0,341400.54
active,2,341415.327
active,5,341470.6
active,5,341650.801
active,2,341651.433
active,3,341704.753
active,8,341711.689
active,9,341715.489
active,3,341760.82
active,0,341760.905
active,5,341771.024
active,2,341830.977
active,5,341831.253
active,0,341881.316
active,9,342025.255
active,1,342120.91
active,2,342191.144
active,9,342313.74
active,0,342361.286
active,0,342420.778
active,5,342430.745
active,0,342540.773
active,1,342540.974
active,1,342601.414
active,6,342607.636
active,1,342720.571
active,2,342731.135
active,0,342781.089
active,0,342840.952
active,2,342850.519
active,3,342906.559
active,6,342909.429
active,3,343080.815
active,2,343091.529
active,4,343091.753
active,1,343200.997
active,2,343215.891
active,5,343270.761
active,4,343271.322
active,3,343380.896
active,2,343390.768
active,5,343450.87
active,1,343501.205
active,3,343681.065
active,5,343750.752
active,5,343813.92
active,2,343819.241
active,3,343860.967
active,0,343861.104
active,4,343871.363
active,0,343921.013
active,5,344051.207
active,9,344114.423
active,7,344117.091
active,2,344171.077
active,3,344220.995
active,3,344281.087
active,4,344471.509
active,1,344581.033
active,0,344640.723
active,3,344641.119
active,5,344651.06
active,2,344651.435
active,0,344701.16
active,1,344704.245
active,3,344706.919
active,7,344718.359
active,5,344770.64
active,0,344821.087
active,3,344881.065
active,1,344940.626
active,3,344940.956
active,4,344951.379
active,2,344951.387
active,7,345018.51
active,1,345121.03
active,5,345190.586
active,3,345240.706
active,2,345250.934
active,1,345300.807
active,6,345306.981
active,7,345316.551
active,2,345371.414
active,4,345551.419
active,5,345616.925
active,3,345661.191
active,3,345720.889
active,4,345731.128
active,4,345791.206
active,1,345841.005
active,5,345850.506
active,7,345915.091
active,0,345961.047
active,2,346031.092
active,1,346081.053
active,2,346090.763
active,2,346151.276
active,6,346205.1
active,5,346271.269
active,3,346321.088
active,5,346391.097
active,4,346391.305
active,0,346440.629
active,1,346440.97
active,9,346512.114
active,0,346560.605
active,5,346630.564
active,2,346631.242
active,1,346741.018
active,4,346750.946
active,1,346800.727
active,0,346860.566
active,1,347101.017
active,0,347101.178
active,3,347104.848
active,2,347114.853
active,7,347115.141
active,4,347170.741
active,0,347221.24
active,0,347280.766
active,1,347341.084
active,4,347351.17
active,0,347400.868
active,3,347407.719
active,0,347461.087
active,3,347461.095
active,2,347470.886
active,4,347471.187
active,3,347520.587
active,1,347521.061
active,2,347530.771
active,0,347580.59
active,1,347701.471
active,6,347706.0
active,7,347715.86
active,4,347719.008
active,1,347821.104
active,5,347831.513
active,0,347880.772
active,1,347941.197
active,4,347951.085
active,0,348000.851
active,3,348004.22
active,3,348061.083
active,2,348070.727
active,5,348071.177
active,0,348120.676
active,1,348121.116
active,2,348130.694
active,0,348181.162
active,3,348241.179
active,0,348301.166
active,8,348310.077
active,5,348311.414
active,2,348317.685
active,3,348360.623
active,0,348420.713
active,6,348606.8
active,9,348610.176
active,5,348851.011
active,3,348904.863
active,5,348911.476
active,2,348915.143
active,2,348971.126
active,3,349021.194
active,4,349030.81
active,3,349080.726
active,5,349091.235
active,1,349140.976
active,3,349141.229
active,1,349207.518
active,6,349219.883
active,8,349220.246
active,4,349232.648
active,0,349260.886
active,1,349261.075
active,0,349381.232
active,5,349391.177
active,9,349510.341
active,5,349510.681
active,3,349620.585
active,1,349620.911
active,0,349620.966
active,3,349680.947
active,0,349681.075
active,4,349690.818
active,5,349750.762
active,1,349920.954
active,0,350041.153
active,0,350101.313
active,4,350120.768
active,5,350170.761
active,2,350170.762
active,5,350230.968
active,5,350290.561
active,5,350350.97
active,4,350351.22
active,3,350404.54
active,1,350580.963
active,5,350590.88
active,3,350641.049
active,4,350651.189
active,5,350651.191
active,0,350880.762
active,4,350950.585
active,3,351006.268
active,1,351120.852
active,0,351180.89
active,5,351191.116
active,4,351191.117
active,3,351304.863
active,1,351361.157
active,1,351420.636
active,3,351481.103
active,2,351550.667
active,0,351600.685
active,5,351610.82
active,0,351780.976
active,2,351791.087
active,2,351851.102
active,3,351905.432
active,6,351908.738
active,9,351912.593
active,0,352080.689
active,3,352140.88
active,8,352207.719
active,5,352211.297
active,0,352440.747
active,0,352500.911
active,5,352571.021
active,0,352620.643
active,3,352620.991
active,1,352621.0
active,1,352680.704
active,5,352690.503
active,2,352690.968
active,5,352750.891
active,0,352980.601
active,3,353041.028
active,8,353108.51
active,9,353111.85
active,4,353170.688
active,5,353171.308
active,3,353280.836
active,9,353410.599
active,5,353411.721
active,0,353461.144
active,2,353530.719
active,3,353581.217
active,0,353640.831
active,5,353650.572
active,2,353651.091
active,0,353701.196
active,3,353705.493
active,9,353712.165
active,0,353820.904
active,1,353880.771
active,5,353890.618
active,0,354000.544
active,4,354018.356
active,2,354070.673
active,5,354071.054
active,5,354131.288
active,5,354191.238
active,3,354303.493
active,0,354360.817
active,1,354421.281
active,5,354430.921
active,5,354490.797
active,8,354608.408
active,1,354661.146
active,1,354720.855
active,2,354791.338
active,0,354840.773
active,3,354904.37
active,6,354907.369
active,5,354911.694
active,2,354914.416
active,4,354920.25
active,0,354960.523
active,3,354960.864
active,4,354970.719
active,1,355080.662
active,1,355140.694
active,2,355151.217
active,1,355201.083
active,3,355260.663
active,3,355320.515
active,5,355451.347
active,0,355500.867
active,7,355517.39
active,3,355560.839
active,1,355740.962
active,0,355801.362
active,3,355861.026
active,4,355870.582
active,3,355921.322
active,0,355921.325
active,6,356105.258
active,5,356111.132
active,0,356160.565
active,1,356160.85
active,3,356160.906
active,1,356221.01
active,3,356280.765
active,5,356290.704
active,0,356400.603
active,3,356410.029
active,1,356640.905
active,3,356704.376
active,6,356705.409
active,7,356715.438
active,5,356830.643
active,1,356941.157
active,3,357004.09
active,6,357005.258
active,9,357009.96
active,5,357011.075
active,2,357014.172
active,1,357060.758
active,2,357071.106
active,0,357180.774
active,3,357180.778
active,1,357180.966
active,4,357190.691
active,3,357306.95
active,4,357319.856
active,3,357420.564
active,0,357420.935
active,4,357431.003
active,3,357540.989
active,2,357551.06
active,6,357605.507
active,9,357608.459
active,5,357610.909
active,2,357614.672
active,0,357660.513
active,1,357720.895
active,3,357780.944
active,3,357840.76
active,5,357850.581
active,1,357900.99
active,0,358020.95
active,2,358091.083
active,6,358208.499
active,2,358271.144
active,0,358321.22
active,0,358380.654
active,1,358380.843
active,4,358390.742
active,0,358500.926
active,1,358501.303
active,8,358507.991
active,7,358515.462
active,4,358691.191
active,0,358741.298
active,4,358751.244
active,6,358807.559
active,0,358920.624
active,5,358931.043
active,2,358991.174
active,1,359104.294
active,5,359111.732
active,2,359116.833
active,0,359160.654
active,3,359341.174
active,5,359410.743
active,2,359414.964
active,4,359419.049
active,3,359520.959
active,2,359531.081
active,3,359581.038
active,4,359590.779
active,0,359640.519
active,1,359640.758
active,3,359640.944
active,2,359651.06
active,3,359761.085
active,2,359830.952
active,1,359940.847
active,1,360006.552
active,6,360016.108
active,2,360021.138
active,1,360061.156
active,5,360070.804
active,2,360071.048
active,4,360131.167
active,1,360181.041
active,2,360191.364
active,1,360241.099
active,2,360250.894
active,3,360301.259
active,5,360431.065
active,4,360431.118
active,0,360480.788
active,5,360551.227
active,5,360611.249
active,3,360661.161
active,3,360720.541
active,3,360780.8
active,2,360791.164
active,0,360900.935
active,3,360904.371
active,2,360914.5
active,3,360960.804
active,0,361080.924
active,1,361140.662
active,3,361140.732
active,5,361150.606
active,3,361261.087
active,5,361271.253
active,0,361380.952
active,2,361391.225
active,1,361500.72
active,2,361514.173
active,7,361515.078
active,4,361630.921
active,3,361681.071
active,4,361691.103
active,0,361741.11
active,1,361801.645
active,6,361808.232
active,9,361811.903
active,2,361815.253
active,7,361816.459
active,4,361991.05
active,1,362100.599
active,7,362114.791
active,3,362221.001
active,3,362281.034
active,0,362400.552
active,8,362404.69
active,7,362414.17
active,4,362416.859
active,1,362460.673
active,3,362461.038
active,0,362700.844
active,1,362701.316
active,5,362711.628
active,4,362831.071
active,0,362881.004
active,2,362891.208
active,0,362941.145
active,0,363001.363
active,1,363241.037
active,0,363300.77
active,3,363301.37
active,4,363316.779
active,4,363370.684
active,1,363420.946
active,5,363431.06
active,0,363480.984
active,4,363491.017
active,0,363541.081
active,3,363541.156
active,7,363623.451
active,2,363671.327
active,4,363730.595
active,5,363731.17
active,1,363841.176
active,8,363905.447
active,5,364031.378
active,1,364140.842
active,3,364141.241
active,4,364150.625
active,8,364204.956
active,2,364213.541
active,7,364214.252
active,3,364261.146
active,2,364330.763
active,5,364390.651
active,2,364390.729
active,1,364440.829
active,8,364508.371
active,5,364512.185
active,2,364570.492
active,1,364681.104
active,0,364740.838
active,3,364740.974
active,7,364814.172
active,2,364871.083
active,1,364920.939
active,4,364991.022
active,2,364991.125
active,3,365040.554
active,7,365114.039
active,3,365160.809
active,0,365160.817
active,5,365170.726
active,2,365171.059
active,3,365221.009
active,5,365231.322
active,5,365290.642
active,2,365291.276
active,0,365340.647
active,4,365351.237
active,1,365401.405
active,3,365521.04
active,0,365521.255
active,4,365530.74
active,2,365530.938
active,5,365531.456
active,2,365591.245
active,2,365650.592
active,0,365941.055
active,2,365951.278
active,6,366004.419
active,2,366013.731
active,7,366014.239
active,2,366070.601
active,0,366121.11
active,1,366180.793
active,3,366181.237
active,0,366300.584
active,1,366301.366
active,5,366310.896
active,4,366319.599
active,4,366371.247
active,1,366480.705
active,3,366481.001
active,2,366670.913
active,3,366721.134
active,4,366731.199
active,3,366780.582
active,0,366780.795
active,8,366905.07
active,2,366913.591
active,2,366970.773
active,4,366971.105
active,0,367141.118
active,4,367150.489
active,8,367218.899
active,9,367220.756
active,5,367390.666
active,2,367391.041
active,1,367500.776
active,8,367504.882
active,0,367561.074
active,0,367680.658
active,0,367740.842
active,6,367804.89
active,8,367805.261
active,1,367860.941
active,5,367870.61
active,3,367920.678
active,0,367920.681
active,4,367931.032
active,1,367980.902
active,3,367980.903
active,6,368107.08
active,8,368107.592
active,5,368171.238
active,0,368221.014
active,4,368231.143
active,2,368231.144
active,5,368291.335
active,0,368340.725
active,1,368340.927
active,6,368404.998
active,5,368470.746
active,3,368640.863
active,1,368640.869
active,5,368650.739
active,4,368650.934
active,0,368701.225
active,3,368701.365
active,6,368704.889
active,9,368708.011
active,4,368770.893
active,1,368821.062
active,4,368891.161
active,1,369001.223
active,8,369008.364
active,4,369018.629
active,0,369120.734
active,3,369120.969
active,5,369191.266
active,5,369251.32
active,2,369313.993
active,4,369316.359
active,2,369370.723
active,3,369420.967
active,0,369480.938
active,1,369540.631
active,2,369550.775
active,5,369551.203
active,1,369601.192
active,0,369601.29
active,6,369604.888
active,4,369616.569
active,4,369671.246
active,2,369671.42
active,4,369731.095
active,0,369840.776
active,1,369840.954
active,7,369916.59
active,4,370030.709
active,3,370080.439
active,0,370081.006
active,2,370150.67
active,6,370205.153
active,2,370213.546
active,7,370214.171
active,0,370261.06
active,4,370270.565
active,3,370320.935
active,0,370321.117
active,5,370390.584
active,0,370441.037
active,5,370510.616
active,1,370560.543
active,3,370560.875
active,5,370571.158
active,4,370630.582
active,2,370630.981
active,4,370691.176
active,8,370817.004
active,9,370820.23
active,1,370860.646
active,3,370921.213
active,5,370931.234
active,5,371050.97
active,1,371101.032
active,6,371105.595
active,2,371114.001
active,0,371160.514
active,4,371171.137
active,1,371220.712
active,0,371221.105
active,4,371350.995
active,0,371400.524
active,8,371404.956
active,4,371417.652
active,2,371590.762
active,1,371701.348
active,3,371705.438
active,7,371716.229
active,1,371760.99
active,2,371771.156
active,5,371771.161
active,1,371820.636
active,0,371881.046
active,1,371881.13
active,4,372018.186
active,4,372070.509
active,1,372120.464
active,0,372120.713
active,0,372180.977
active,2,372191.019
active,4,372250.933
active,8,372305.122
active,5,372310.994
active,4,372371.252
active,1,372420.611
active,1,372541.006
active,5,372550.925
active,0,372660.818
active,5,372670.913
active,4,372671.255
active,1,372720.902
active,4,372730.964
active,3,372780.819
active,4,372791.082
active,1,372840.929
active,0,372901.18
active,8,372905.69
active,3,372960.82
active,3,373140.68
active,7,373214.306
active,4,373271.244
active,0,373320.651
active,4,373331.204
active,0,373440.509
active,3,373504.862
active,1,373560.627
active,1,373620.579
active,4,373631.325
active,1,373680.619
active,3,373680.985
active,4,373691.233
active,0,373741.009
active,2,373751.202
active,4,373871.125
active,0,373921.053
active,0,374040.996
active,0,374340.601
active,7,374423.194
active,4,374429.089
active,1,374460.863
active,0,374521.055
active,3,374580.94
active,4,374651.274
active,8,374705.201
active,3,374761.066
active,0,374820.889
active,2,374831.164
active,1,374880.976
active,0,374940.877
active,5,375131.059
active,2,375131.403
active,1,375180.558
active,0,375180.879
active,1,375240.786
active,6,375308.32
active,7,375316.41
active,0,375360.555
active,0,375541.224
active,5,375551.527
active,2,375671.11
active,3,375720.601
active,1,375840.622
active,1,376080.552
active,1,376140.601
active,9,376211.653
active,3,376261.005
active,1,376261.009
active,5,376271.306
active,4,376330.993
active,0,376381.236
active,2,376390.878
active,5,376450.865
active,0,376501.421
active,0,376560.647
active,7,376814.299
active,3,376860.57
active,5,376871.2
active,1,377040.69
active,3,377105.087
active,5,377231.355
active,0,377280.673
active,3,377401.395
active,4,377417.691
active,3,377460.719
active,2,377470.626
active,4,377471.142
active,3,377520.561
active,2,377530.888
active,5,377591.056
active,1,377700.709
active,9,377707.68
active,7,377713.877
active,3,377760.592
active,5,377770.965
active,1,377821.023
active,5,377890.763
active,4,377951.16
active,5,378014.145
active,6,378016.594
active,1,378240.865
active,6,378304.69
active,0,378360.546
active,2,378370.939
active,2,378431.071
active,5,378431.15
active,2,378490.662
active,4,378491.226
active,5,378550.877
active,1,378601.052
active,2,378850.842
active,6,378908.598
active,5,378911.32
active,3,378961.109
active,0,379020.799
active,3,379020.909
active,2,379030.527
active,4,379031.033
active,0,379081.22
active,5,379151.37
active,8,379205.712
active,7,379215.139
active,1,379260.918
active,2,379331.056
active,0,379560.78
active,3,379560.842
active,2,379571.137
active,1,379680.956
active,5,379690.75
active,1,379740.887
active,2,379751.069
active,0,379801.077
active,1,379920.916
active,0,379980.409
active,5,379990.569
active,4,379990.733
active,1,380041.121
active,3,380160.707
active,0,380160.958
active,3,380220.833
active,3,380280.552
active,0,380280.874
active,5,380350.773
active,0,380400.946
active,8,380405.393
active,2,380413.931
active,7,380415.097
active,3,380461.035
active,5,380471.1
active,4,380471.349
active,1,380520.825
active,2,380530.785
active,2,380650.872
active,0,380701.116
active,7,380716.599
active,5,380771.011
active,3,380820.905
active,4,380891.308
active,0,381000.59
active,3,381001.143
active,6,381004.519
active,7,381014.147
active,4,381017.009
active,0,381060.953
active,3,381060.955
active,2,381070.697
active,3,381180.63
active,1,381240.542
active,2,381251.256
active,4,381316.37
active,4,381491.033
active,5,381491.213
active,0,381540.509
active,2,381550.473
active,1,381605.991
active,0,381660.854
active,3,381840.781
active,3,381901.261
active,6,381904.45
active,4,381917.02
active,4,381970.906
active,5,382030.912
active,4,382031.269
active,2,382091.447
active,4,382150.822
active,1,382201.324
active,7,382214.554
active,3,382320.801
active,0,382501.073
active,2,382514.962
active,4,382519.246
active,0,382620.999
active,2,382630.655
active,1,382680.666
active,3,382680.729
active,0,382680.798
active,0,382740.549
active,3,382741.022
active,0,382800.883
active,3,382860.797
active,2,382871.283
active,4,382931.268
active,3,382980.665
active,5,382990.747
active,3,383040.624
active,0,383101.082
active,6,383104.841
active,5,383171.176
active,4,383290.972
active,2,383291.218
active,6,383407.65
active,0,383460.887
active,4,383470.925
active,1,383580.94
active,2,383590.934
active,5,383591.312
active,0,383640.676
active,4,383651.164
active,6,383704.669
active,5,383711.206
active,0,383760.757
active,0,383820.726
active,2,383830.996
active,1,383880.893
active,0,383880.894
active,1,384120.611
active,3,384120.974
active,1,384181.032
active,0,384301.293
active,6,384308.164
active,3,384420.978
active,1,384481.181
active,6,384604.49
active,8,384604.969
active,9,384607.9
active,4,384617.178
active,0,384661.071
active,5,384730.709
active,5,384850.735
active,3,384901.514
active,2,384971.369
active,1,385081.0
active,2,385091.293
active,5,385091.303
active,3,385140.825
active,7,385223.167
active,4,385270.917
active,2,385271.116
active,0,385321.029
active,2,385330.474
active,3,385501.428
active,4,385516.799
active,0,385561.293
active,4,385570.623
active,4,385630.783
active,8,385805.264
active,3,385860.744
active,1,385860.947
active,1,385980.917
active,2,386050.656
active,9,386110.59
active,2,386114.589
active,7,386116.741
active,3,386160.544
active,0,386160.834
active,0,386220.931
active,3,386280.855
active,0,386340.902
active,4,386350.902
active,9,386407.968
active,5,386411.554
active,3,386460.914
active,0,386520.959
active,8,386705.622
active,3,386820.963
active,0,386940.68
active,2,386950.721
active,1,387001.288
active,5,387131.33
active,0,387180.517
active,3,387180.835
active,4,387250.907
active,4,387316.329
active,2,387431.433
active,2,387490.554
active,0,387601.114
active,8,387605.26
active,2,387670.865
active,2,387731.06
active,4,387731.177
active,1,387780.881
active,1,387960.735
active,5,387971.299
active,1,388020.564
active,2,388030.622
active,0,388080.956
active,2,388090.999
active,7,388214.151
active,0,388260.541
active,5,388270.907
active,5,388330.585
active,3,388381.03
active,4,388390.583
active,0,388440.899
active,4,388450.945
active,5,388451.349
active,8,388504.933
active,0,388560.582
active,4,388571.076
active,2,388571.078
active,1,388620.53
active,2,388691.114
active,6,388819.533
active,5,388870.611
active,3,388920.6
active,1,388921.027
active,2,388931.147
active,4,388990.672
active,1,389040.958
active,5,389051.038
active,4,389051.337
active,8,389104.922
active,4,389170.976
active,2,389230.745
active,0,389401.055
active,8,389405.483
active,3,389641.016
active,2,389651.21
active,2,389715.555
active,5,389830.621
active,0,390001.157
active,3,390060.693
active,0,390061.136
active,4,390070.889
active,0,390120.549
active,4,390191.067
active,6,390304.679
active,3,390360.787
active,2,390491.212
active,8,390608.712
active,5,390611.243
active,0,390660.581
active,4,390731.363
active,0,390901.311
active,2,390914.759
active,1,390960.623
active,4,391090.572
active,1,391260.903
active,4,391270.683
active,5,391271.323
active,1,391380.726
active,1,391441.286
active,5,391511.121
active,1,391560.924
active,1,391801.411
active,9,391808.362
active,4,391817.829
active,1,391861.194
active,2,391930.929
active,4,391931.076
active,5,391991.25
active,9,392107.589
active,4,392230.759
active,5,392290.605
active,4,392350.625
active,1,392460.632
active,0,392520.959
active,1,392521.112
active,2,392530.662
active,4,392531.201
active,5,392590.605
active,3,392701.492
active,2,392771.393
active,2,392830.94
active,3,392880.895
active,5,392891.232
active,3,392940.987
active,1,392941.113
active,5,392951.222
active,0,393060.941
active,4,393071.127
active,3,393120.663
active,4,393131.132
active,5,393190.578
active,3,393240.553
active,5,393251.209
active,2,393251.298
active,0,393301.142
active,7,393316.63
active,1,393360.718
active,2,393371.31
active,5,393430.759
active,3,393541.237
active,1,393601.439
active,0,393601.44
active,8,393605.301
active,4,393617.819
active,4,393670.832
active,2,393671.276
active,5,393730.879
active,5,393791.025
active,1,393840.641
active,6,393904.781
active,8,393905.059
active,3,394020.685
active,4,394031.461
active,4,394091.099
active,9,394210.6
active,2,394215.052
active,1,394320.581
active,2,394330.81
active,5,394390.592
active,2,394451.263
active,7,394514.341
active,3,394560.657
active,2,394570.636
active,3,394620.766
active,4,394630.688
active,1,394740.756
active,0,394800.779
active,3,394860.97
active,1,394920.873
active,4,394991.109
active,5,395051.228
active,4,395118.792
active,1,395340.963
active,0,395400.514
active,7,395414.53
active,3,395460.704
active,0,395461.155
active,4,395590.606
active,3,395640.814
active,3,395701.464
active,6,395705.118
active,9,395707.798
active,7,395715.127
active,3,395760.87
active,2,395771.094
active,2,395831.308
active,5,395891.17
active,4,395891.24
active,9,396021.206
active,0,396060.935
active,5,396070.516
active,2,396071.006
active,5,396130.683
active,1,396180.881
active,0,396180.933
active,5,396191.116
active,3,396241.017
active,0,396241.109
active,4,396250.93
active,8,396304.586
active,7,396314.002
active,1,396420.924
active,4,396491.065
active,5,396550.911
active,3,396720.962
active,3,396781.125
active,0,396900.802
active,4,396918.858
active,5,397030.773
active,0,397080.895
active,4,397090.893
active,9,397208.489
active,2,397214.142
active,7,397214.653
active,2,397270.547
active,0,397320.982
active,4,397331.144
active,1,397380.959
active,3,397381.123
active,5,397391.265
active,8,397505.03
active,4,397516.919
active,0,397621.116
active,4,397630.688
active,2,397631.194
active,2,397690.887
active,3,397741.186
active,2,397750.789
active,4,397751.182
active,0,397800.768
active,7,397815.823
active,4,397820.03
active,0,397860.807
active,3,397860.931
active,4,397870.548
active,5,397871.343
active,0,397920.969
active,5,398050.724
active,0,398101.012
active,2,398114.141
active,7,398114.83
active,4,398116.9
active,2,398170.919
active,4,398290.551
active,2,398291.206
active,1,398340.734
active,0,398341.042
active,1,398400.837
active,2,398413.75
active,4,398417.271
active,0,398460.568
active,4,398470.701
active,2,398471.112
active,5,398471.349
active,0,398521.006
active,0,398640.945
active,3,398705.052
active,5,398711.483
active,7,398716.17
active,1,398760.651
active,4,398771.139
active,3,398820.792
active,3,398941.151
active,2,398950.916
active,4,398950.951
active,0,399001.001
active,6,399004.757
active,5,399011.179
active,4,399191.265
active,0,399240.944
active,0,399300.564
active,3,399301.298
active,7,399314.12
active,4,399316.339
active,5,399371.376
active,0,399421.064
active,2,399431.22
active,0,399480.887
active,3,399540.882
active,1,399606.217
active,1,399660.715
active,0,399720.528
active,3,399720.948
active,5,399730.968
active,2,399790.67
active,1,399841.008
active,1,399901.215
active,6,399905.08
active,1,399960.593
active,4,399970.994
active,3,400081.022
active,5,400151.192
active,2,400151.416
active,0,400200.688
active,3,400260.985
active,5,400271.281
active,5,400330.99
active,4,400451.364
active,2,400514.93
active,7,400515.8
active,2,400630.931
active,4,400691.141
active,7,400814.456
active,4,400817.208
active,2,400870.77
active,1,400920.992
active,1,401101.259
active,4,401117.249
active,3,401160.978
active,0,401220.588
active,2,401290.869
active,4,401420.566
active,0,401460.822
active,4,401650.603
active,1,401701.001
active,3,401760.992
active,4,401891.26
active,1,401940.797
active,3,401940.954
active,4,401950.739
active,0,402001.186
active,3,402001.411
active,1,402060.91
active,2,402130.961
active,1,402181.082
active,1,402240.921
active,6,402307.641
active,8,402308.06
active,9,402310.693
active,4,402318.779
active,0,402421.049
active,5,402431.128
active,2,402490.587
active,4,402491.065
active,1,402540.745
active,3,402540.792
active,5,402551.104
active,1,402601.339
active,5,402611.212
active,4,402617.654
active,5,402671.249
active,1,402720.942
active,2,402731.167
active,5,402731.174
active,3,402840.842
active,4,402851.17
active,5,402851.172
active,8,402905.743
active,2,402914.437
active,7,402915.039
active,3,403021.027
active,0,403081.017
active,5,403091.219
active,0,403140.609
active,1,403141.063
active,2,403220.587
active,9,403222.254
active,1,403261.226
active,3,403380.765
active,5,403510.795
active,2,403513.897
active,3,403620.975
active,3,403740.629
active,4,403751.368
active,2,403751.37
active,4,403870.554
active,0,403980.681
active,1,403981.139
active,8,404108.001
active,5,404111.084
active,2,404115.11
active,4,404119.58
active,2,404171.352
active,3,404220.966
active,2,404231.045
active,0,404340.531
active,3,404340.944
active,2,404350.763
active,4,404350.956
active,9,404408.301
active,2,404414.134
active,5,404650.925
active,7,404714.78
active,0,404820.648
active,3,404820.831
active,0,404880.991
active,2,404951.011
active,0,405001.033
active,6,405007.67
active,8,405007.917
active,0,405121.051
active,3,405121.057
active,4,405130.612
active,3,405301.249
active,6,405304.66
active,8,405304.9
active,9,405307.701
active,5,405370.939
active,4,405431.216
active,2,405431.227
active,4,405550.745
active,5,405611.176
active,5,405671.319
active,3,405960.56
active,0,406080.725
active,3,406080.728
active,1,406080.94
active,0,406140.937
active,0,406200.634
active,2,406213.711
active,4,406270.735
active,5,406390.71
active,0,406440.592
active,3,406440.924
active,0,406501.502
active,3,406501.504
active,6,406504.993
active,8,406505.319
active,0,406560.675
active,3,406621.157
active,4,406630.831
active,2,406631.517
active,4,406690.687
active,4,406750.855
active,3,406809.478
active,2,406822.632
active,2,406930.955
active,4,406931.292
active,0,407040.939
active,3,407221.152
active,0,407280.529
active,3,407280.924
active,5,407290.707
active,0,407400.479
active,0,407460.691
active,2,407530.647
active,5,407651.323
active,3,407704.636
active,2,407714.883
active,2,407831.208
active,3,407880.828
active,2,407950.566
active,3,408001.348
active,5,408010.702
active,0,408060.739
active,0,408120.759
active,3,408120.965
active,1,408180.802
active,1,408301.328
active,4,408317.947
active,1,408360.654
active,5,408430.864
active,2,408431.466
active,0,408480.885
active,2,408490.927
active,4,408550.891
active,0,408600.674
active,1,408601.468
active,3,408605.268
active,5,408611.653
active,5,408731.028
active,4,408791.037
active,2,408791.184
active,2,408850.772
active,4,408851.084
active,5,408851.085
active,8,408904.91
active,5,408971.321
active,0,409140.48
active,5,409211.252
active,3,409320.53
active,1,409380.907
active,5,409390.574
active,1,409440.623
active,3,409440.92
active,5,409511.425
active,2,409690.559
active,0,409740.52
active,3,409740.947
active,9,409807.985
active,2,409813.722
active,4,409817.409
active,5,409870.618
active,1,409920.717
active,2,409930.902
active,4,410050.942
active,2,410051.413
active,3,410101.499
active,2,410113.5
active,7,410114.37
active,2,410351.193
active,3,410409.339
active,6,410419.129
active,2,410421.012
active,2,410470.667
active,4,410471.143
active,3,410520.504
active,0,410580.597
active,1,410580.947
active,8,410705.397
active,2,410714.082
active,5,411010.751
active,4,411017.758
active,3,411120.652
active,1,411240.859
active,5,411310.503
active,7,411315.496
active,1,411360.578
active,4,411430.529
active,6,411604.964
active,0,411660.864
active,0,411720.966
active,4,411851.447
active,8,411904.962
active,4,411917.347
active,4,411970.612
active,1,412020.728
active,0,412140.621
active,3,412140.684
active,8,412208.929
active,3,412260.524
active,4,412331.284
active,4,412391.157
active,1,412440.558
active,2,412450.638
active,4,412451.204
active,7,412514.734
active,2,412570.773
active,0,412680.681
active,3,412740.959
active,0,412801.181
active,7,412814.488
active,1,412860.736
active,4,412930.856
active,4,413120.667
active,1,413281.103
active,1,413340.911
active,1,413401.189
active,2,413414.461
active,0,413460.936
active,4,413530.814
active,2,413531.118
active,5,413531.119
active,4,413590.648
active,0,413640.877
active,0,413760.602
active,1,413880.648
active,5,413950.599
active,0,414000.764
active,8,414019.429
active,5,414130.687
active,2,414130.953
active,0,414300.792
active,3,414600.867
active,1,414661.143
active,4,414970.701
active,2,414970.703
active,5,414971.072
active,1,415021.184
active,5,415030.98
active,0,415081.143
active,2,415091.227
active,3,415201.308
active,7,415214.682
active,0,415260.837
active,3,415321.001
active,0,415440.861
active,4,415450.654
active,2,415450.953
active,0,415500.65
active,1,415500.997
active,3,415501.245
active,9,415508.188
active,4,415517.509
active,0,415561.065
active,5,415570.891
active,4,415691.062
active,1,416100.951
active,5,416111.19
active,0,416220.864
active,1,416340.75
active,0,416400.789
active,1,416401.477
active,2,416470.716
active,1,416641.032
active,0,416700.537
active,1,416881.145
active,2,416891.379
active,0,417001.288
active,3,417001.406
active,8,417005.402
active,3,417060.629
active,0,417060.935
active,4,417071.01
active,3,417180.745
active,5,417251.367
active,6,417305.049
active,7,417314.701
active,4,417317.669
active,2,417370.92
active,0,417420.658
active,0,417481.115
active,4,417490.694
active,0,417541.186
active,5,417550.945
active,4,417551.197
active,0,417600.599
active,8,417619.013
active,3,417660.974
active,3,417720.683
active,4,417730.621
active,2,417913.622
active,3,417961.099
active,4,418151.058
active,3,418201.438
active,6,418205.439
active,0,418260.536
active,4,418331.276
active,1,418440.631
active,8,418507.723
active,1,418561.154
active,4,418571.203
active,0,418620.914
active,4,418630.858
active,5,418631.237
active,2,418691.238
active,5,418750.681
active,9,418808.688
active,1,419040.692
active,8,419105.514
active,3,419161.015
active,0,419220.433
active,3,419220.823
active,0,419280.812
active,3,419280.912
active,6,419407.622
active,7,419416.207
active,2,419470.625
active,5,419470.797
active,0,419521.106
active,2,419531.25
active,4,419531.254
active,0,419580.57
active,3,419580.901
active,4,419591.169
active,5,419711.339
active,1,419761.099
active,0,419820.865
active,4,419831.305
active,4,419890.781
active,5,419891.261
active,5,420011.287
active,3,420181.013
active,6,420307.606
active,9,420311.4
active,0,420360.826
active,0,420541.063
active,5,420551.228
active,3,420601.396
active,9,420608.511
active,1,420660.589
active,1,420721.244
active,4,420791.296
active,4,420971.354
active,1,421021.023
active,2,421030.761
active,4,421031.386
active,5,421031.398
active,1,421140.901
active,5,421150.999
active,9,421219.42
active,0,421260.668
active,0,421380.529
active,2,421391.151
active,1,421440.532
active,5,421450.62
active,2,421450.872
active,4,421451.183
active,1,421501.386
active,3,421561.207
active,1,421740.866
active,6,421804.88
active,2,421813.612
active,0,422040.611
active,4,422050.842
active,2,422050.843
active,6,422107.378
active,9,422110.679
active,2,422114.914
active,0,422160.762
active,5,422171.256
active,3,422220.958
active,0,422220.961
active,5,422290.518
active,2,422291.045
active,0,422400.545
active,9,422407.828
active,5,422411.404
active,2,422413.502
active,4,422470.529
active,4,422590.861
active,0,422701.179
active,9,422707.591
active,2,422831.195
active,8,423007.593
active,3,423060.737
active,0,423060.878
active,2,423130.62
active,1,423180.783
active,0,423240.429
active,1,423300.59
active,0,423301.095
active,1,423361.011
active,0,423361.015
active,4,423370.863
active,0,423420.509
active,5,423431.215
active,4,423431.268
active,2,423431.412
active,3,423480.635
active,0,423480.922
active,2,423551.387
active,4,423617.828
active,1,423660.989
active,3,423780.772
active,4,423919.189
active,0,423961.002
active,1,424080.882
active,1,424141.134
active,1,424380.553
active,5,424450.787
active,1,424500.57
active,2,424513.914
active,4,424516.489
active,2,424571.019
active,1,424680.919
active,4,424690.782
active,2,424750.73
active,3,424809.402
active,6,424816.041
active,9,424819.556
active,7,424823.574
active,2,424870.822
active,2,424931.145
active,1,425041.093
active,2,425051.0
active,9,425108.008
active,3,425160.622
active,0,425220.637
active,1,425281.169
active,3,425281.175
active,3,425340.593
active,3,425401.427
active,5,425410.951
active,4,425417.649
active,4,425470.96
active,0,425520.565
active,1,425520.93
active,2,425530.605
active,2,425591.285
active,4,425650.893
active,9,425711.859
active,5,425711.959
active,2,425715.364
active,1,425761.081
active,2,425770.903
active,3,425880.996
active,2,425891.049
active,1,425940.755
active,1,426001.023
active,5,426011.114
active,4,426018.003
active,0,426180.572
active,0,426240.502
active,1,426240.704
active,5,426310.926
active,4,426317.943
active,1,426360.757
active,1,426480.924
active,1,426541.144
active,0,426600.839
active,1,426601.495
active,9,426612.723
active,0,426660.646
active,2,426671.024
active,4,426791.116
active,1,426840.986
active,0,426840.989
active,2,426850.832
active,1,426900.726
active,0,426900.727
active,8,426904.871
active,4,426917.139
active,0,426960.601
active,2,426971.001
active,2,427031.155
active,3,427080.964
active,0,427140.603
active,2,427150.612
active,4,427151.209
active,5,427210.712
active,1,427260.78
active,5,427330.738
active,2,427331.194
active,0,427380.873
active,5,427391.294
active,2,427450.869
active,1,427501.589
active,9,427509.717
active,1,427561.097
active,4,427570.867
active,1,427680.887
active,5,427750.943
active,6,427804.346
active,9,427807.97
active,7,427814.092
active,3,427860.56
active,1,427860.987
active,0,427920.872
active,0,427980.667
active,1,427981.138
active,2,427991.341
active,2,428050.723
active,4,428051.12
active,9,428108.112
active,3,428161.239
active,4,428170.785
active,2,428171.134
active,3,428221.189
active,4,428230.78
active,1,428280.895
active,4,428350.788
active,6,428416.05
active,2,428422.161
active,2,428530.877
active,3,428580.978
active,5,428590.602
active,0,428640.971
active,4,428650.799
active,2,428770.993
active,5,428771.303
active,1,428881.006
active,4,428951.23
active,3,429001.197
active,7,429014.492
active,3,429060.82
active,5,429070.736
active,1,429180.918
active,3,429181.189
active,1,429240.592
active,5,429250.728
active,6,429307.94
active,8,429308.512
active,4,429318.609
active,3,429360.964
active,1,429420.877
active,5,429431.285
active,0,429601.421
active,1,429660.755
active,3,429720.801
active,4,429730.816
active,3,429841.074
active,4,429917.952
active,5,429971.121
active,4,430030.918
active,1,430141.073
active,1,430201.446
active,2,430215.318
active,1,430260.777
active,4,430331.285
active,3,430501.252
active,5,430511.538
active,3,430561.183
active,0,430561.186
active,5,430690.603
active,1,430801.036
active,3,430801.357
active,0,430920.735
active,3,430980.533
active,1,430980.876
active,1,431040.989
active,0,431100.951
active,4,431351.133
active,8,431404.938
active,5,431411.566
active,1,431460.479
active,3,431640.72
active,1,431701.227
active,6,431704.86
active,8,431705.113
active,0,431761.052
active,5,431771.37
active,0,431821.252
active,2,431950.625
median,9,30583.989
median,9,31441.254
median,2,32403.094
median,9,32521.191
median,9,32881.078
median,0,43206.446
median,3,48615.488
median,6,49097.43
median,6,49232.232
median,6,49277.438
median,4,50432.508
median,3,50436.721
median,4,52214.41
median,5,53120.476
median,1,59400.89
median,2,61206.387
median,4,61222.687
median,4,64822.443
median,3,68427.942
median,1,72001.233
median,0,86406.985
median,7,113420.069
median,2,115202.928
median,0,115207.884
median,0,129607.966
median,0,133208.152
median,8,135015.383
median,8,135191.099
median,6,135632.97
median,6,135797.242
median,0,136821.683
median,0,140420.209
median,5,141317.961
median,5,143118.025
median,2,144005.459
median,5,144917.93
median,3,145818.568
median,1,147600.933
median,2,154807.407
median,5,155719.154
median,7,157801.216
median,8,221531.118
median,6,222257.198
median,6,222339.393
median,4,223231.822
median,3,226837.091
median,1,232201.338
median,3,235816.742
median,2,237608.532
median,1,239400.588
median,1,241201.15
median,4,241223.464
median,3,243019.545
median,5,243936.201
median,7,244201.331
median,7,244560.903
median,7,244620.722
median,7,244801.174
median,0,255607.705
median,0,266406.626
median,0,280805.304
median,2,298803.351
median,2,306004.532
median,4,307815.71
median,8,307816.048
median,8,307871.307
median,1,311401.41
median,3,311418.219
median,3,315018.228
median,1,316800.876
median,4,316820.816
median,5,319518.118
median,1,322201.314
median,0,324012.275
median,1,325800.519
median,2,327607.708
median,4,327623.16
median,1,329401.43
median,5,330333.595
median,7,330840.656
median,0,403204.709
median,0,414005.486
median,0,428404.784
